employee_id,full_name,email,department,designation,salary_band,joining_date,manager_id
EMP001,Cameron Williams,larry62@example.net,Engineering,Analyst,B4,2020-04-13,EMP032
EMP002,Justin Greene,johnsonrebecca@example.net,Operations,Senior Executive,B2,2021-04-19,EMP040
EMP003,Tammy Brown,jasonsoto@example.com,Marketing,Analyst,B4,2019-12-03,EMP041
EMP004,Roberta Rosales,aallen@example.org,Finance,Analyst,B2,2024-02-09,EMP024
EMP005,Maria Parrish,jackgrant@example.org,Finance,Senior Executive,B3,2020-04-10,EMP011
EMP006,Christine Rios,christopheryork@example.org,Operations,Analyst,B3,2022-07-05,EMP001
EMP007,Shannon Fowler,gpatton@example.org,Sales,Manager,B1,2022-12-09,EMP047
EMP008,Monica Duke,julie43@example.com,Marketing,Manager,B1,2023-12-09,EMP008
EMP009,Carlos Richardson,pwilliams@example.org,Engineering,Executive,B1,2025-02-04,EMP016
EMP010,Dr. Susan Nichols,vscott@example.com,Finance,Senior Executive,B2,2019-07-21,EMP048
EMP011,Adam Bennett,angelalopez@example.org,HR,Manager,B3,2026-05-27,EMP015
EMP012,Lisa Sandoval,vazquezlisa@example.com,Engineering,Manager,B2,2019-11-22,EMP038
EMP013,Mark Lewis,sarah19@example.net,HR,Analyst,B2,2024-01-22,EMP001
EMP014,Brittany Acosta,janehoffman@example.net,Marketing,Senior Manager,B2,2020-10-19,EMP047
EMP015,Jacqueline Cooley,richard11@example.org,Sales,Associate,B2,2024-11-25,EMP037
EMP016,Ryan Long,jbowen@example.net,Operations,Associate,B1,2025-05-10,EMP009
EMP017,Jonathan Green,hthompson@example.org,Finance,Senior Manager,B3,2023-07-08,EMP014
EMP018,Jessica Tucker,ocarter@example.org,Marketing,Associate,B1,2019-11-06,EMP039
EMP019,Kyle Hester,vgonzales@example.com,Sales,Associate,B2,2018-08-10,EMP033
EMP020,Lisa Holmes,thomas84@example.net,Marketing,Manager,B3,2023-10-08,EMP039
EMP021,Sarah Spencer,joseph60@example.org,HR,Senior Manager,B2,2021-10-13,EMP001
EMP022,Robert Norton,andersonjames@example.com,Marketing,Executive,B4,2019-11-13,EMP005
EMP023,Jennifer Weaver,gardnerchristopher@example.com,Finance,Manager,B4,2019-10-01,EMP015
EMP024,Jeff Williams,kimberlyspencer@example.com,Sales,Senior Executive,B3,2019-08-15,EMP007
EMP025,Dylan Schwartz,welchpatrick@example.com,Sales,Analyst,B2,2021-07-16,EMP017
EMP026,Brenda Hudson,gbarnes@example.com,Operations,Executive,B3,2018-10-04,EMP048
EMP027,Victoria Martinez,millermatthew@example.net,HR,Associate,B3,2019-12-13,EMP025
EMP028,Christopher Brooks,martinezkara@example.com,HR,Executive,B3,2025-05-15,EMP049
EMP029,Donna Buck,tonyasnyder@example.org,Finance,Executive,B2,2020-01-25,EMP049
EMP030,Andrea Camacho,kathleenjames@example.org,Marketing,Executive,B4,2024-07-19,EMP046
EMP031,Norman Wright,ferrellashley@example.com,HR,Associate,B4,2022-02-26,EMP032
EMP032,Lindsey Byrd,williamskyle@example.org,Finance,Senior Manager,B2,2023-07-14,EMP041
EMP033,Richard Jordan,bradyherrera@example.org,HR,Senior Manager,B3,2025-12-08,EMP040
EMP034,Dennis Zhang,hopkinstrevor@example.org,Finance,Senior Manager,B4,2023-02-21,EMP017
EMP035,Aaron Hobbs,dbeck@example.com,HR,Associate,B2,2019-09-11,EMP033
EMP036,Deborah Walsh,jeffrey96@example.com,Sales,Manager,B2,2019-01-11,EMP044
EMP037,Lucas Richards,jenniferhernandez@example.com,Finance,Manager,B1,2021-07-24,EMP004
EMP038,Cindy Johnson,dennis26@example.org,Engineering,Senior Manager,B4,2018-10-22,EMP035
EMP039,Jessica Arias,kimberlycrawford@example.org,Operations,Senior Executive,B1,2019-07-28,EMP001
EMP040,Patricia Hanna,karen57@example.org,Engineering,Executive,B2,2025-09-14,EMP011
EMP041,Becky Ross,odonnellashley@example.com,Finance,Executive,B1,2022-11-09,EMP023
EMP042,Savannah Reilly,areyes@example.com,Marketing,Manager,B4,2025-05-25,EMP015
EMP043,Monica Nelson,amandastuart@example.net,Marketing,Senior Manager,B1,2019-11-14,EMP023
EMP044,Angel Gomez,fperez@example.com,Sales,Analyst,B1,2019-12-31,EMP049
EMP045,Jennifer Lopez,elizabethdixon@example.com,Engineering,Associate,B3,2022-11-14,EMP046
EMP046,Kimberly Arellano,madisondiaz@example.com,Engineering,Analyst,B2,2025-01-14,EMP016
EMP047,Mary Brown,tyler74@example.org,Marketing,Associate,B4,2024-05-23,EMP042
EMP048,Carly Kennedy,guerrerochelsea@example.com,Operations,Analyst,B3,2020-02-14,EMP002
EMP049,Todd Singleton,scott65@example.net,Operations,Analyst,B4,2026-04-01,EMP012
EMP050,Lori Aguirre,scott90@example.org,Finance,Senior Manager,B1,2022-04-25,EMP050
EMP051,Andrea Williams,ecampbell@example.org,Finance,Analyst,B4,2021-11-16,EMP032
EMP052,Mrs. Jennifer Clark,williamparker@example.com,HR,Senior Executive,B1,2022-06-07,EMP009
EMP053,Amber Gutierrez,mccartymelissa@example.com,Engineering,Manager,B1,2024-05-15,EMP031
EMP054,Brandon Rogers,wrice@example.com,Finance,Senior Executive,B3,2025-08-16,EMP020
EMP055,Philip Day,campbellbrittany@example.org,Sales,Senior Executive,B1,2018-12-28,EMP047
EMP056,Kevin Smith,thomas43@example.net,Finance,Associate,B2,2023-07-30,EMP025
EMP057,Michelle Elliott,timothy65@example.net,Marketing,Analyst,B3,2020-10-01,EMP039
EMP058,Alyssa Carlson MD,rachaeljackson@example.com,Operations,Senior Executive,B3,2018-12-24,EMP035
EMP059,Shelby Elliott,facosta@example.com,Operations,Senior Manager,B3,2026-01-29,EMP008
EMP060,Christina Lee,fjordan@example.com,Finance,Analyst,B2,2022-01-15,EMP047
EMP061,Kenneth Vasquez,betty34@example.net,Sales,Executive,B1,2023-07-04,EMP001
EMP062,David Chase,katiewashington@example.org,Engineering,Manager,B4,2019-02-01,EMP039
EMP063,Veronica Rivas,dillonanderson@example.net,Operations,Associate,B3,2019-10-11,EMP030
EMP064,Karen Washington,xowen@example.com,Sales,Executive,B3,2023-02-21,EMP036
EMP065,Donna Marsh,nolanmorgan@example.org,HR,Analyst,B3,2020-09-06,EMP013
EMP066,Rachel Mills,bonniehudson@example.net,Marketing,Analyst,B3,2023-10-17,EMP024
EMP067,Kara Gilmore,tboyer@example.net,Marketing,Analyst,B2,2019-11-07,EMP034
EMP068,Kathleen Hines,tinatownsend@example.com,Operations,Associate,B1,2024-10-01,EMP016
EMP069,Kevin Collins,tjenkins@example.net,Marketing,Executive,B3,2019-05-02,EMP041
EMP070,Margaret Hayes,eric35@example.org,Sales,Senior Manager,B4,2021-09-26,EMP048
EMP071,Nathan Alvarez,brandon25@example.org,Marketing,Executive,B2,2020-06-11,EMP018
EMP072,Nathan Phillips,ntaylor@example.org,Engineering,Executive,B2,2024-07-11,EMP031
EMP073,James Smith,melissakrause@example.com,Operations,Senior Manager,B2,2019-11-24,EMP036
EMP074,Sarah Cooper,nwilson@example.org,Engineering,Manager,B3,2024-11-13,EMP011
EMP075,Nicholas Horton,staffordkelly@example.net,HR,Executive,B4,2020-03-26,EMP035
EMP076,James Bryant,ostewart@example.org,Engineering,Analyst,B2,2022-01-21,EMP032
EMP077,Patrick Morgan,james84@example.com,Operations,Senior Executive,B2,2021-08-08,EMP049
EMP078,Ronald Diaz,douglasmichael@example.org,Sales,Senior Executive,B1,2021-06-08,EMP039
EMP079,Amber Davis PhD,bassevan@example.org,Marketing,Analyst,B1,2019-02-26,EMP025
EMP080,Ryan Johnson,nicholas95@example.org,Engineering,Senior Executive,B4,2020-01-31,EMP040
EMP081,Amanda Palmer,douglas24@example.com,Finance,Executive,B2,2022-06-28,EMP030
EMP082,Michael Scott,brooke55@example.org,HR,Senior Manager,B4,2023-10-03,EMP001
EMP083,Roy Mitchell,edwardssandra@example.com,Finance,Senior Manager,B3,2019-10-09,EMP001
EMP084,Ashlee Graves,browncody@example.com,Finance,Executive,B2,2023-11-12,EMP012
EMP085,Gregory Stanley,pnichols@example.com,Sales,Analyst,B4,2025-02-23,EMP008
EMP086,Colton Snyder,eric42@example.net,Engineering,Manager,B4,2021-07-21,EMP001
EMP087,Nancy Day,woodsdavid@example.org,HR,Executive,B3,2024-11-21,EMP027
EMP088,Ronald Armstrong,edwardgutierrez@example.org,Engineering,Associate,B2,2019-10-06,EMP003
EMP089,Jane Arnold,spencedaniel@example.com,Sales,Associate,B4,2023-08-24,EMP012
EMP090,Charles Lane,carlos04@example.org,Marketing,Senior Executive,B4,2025-06-09,EMP002
EMP091,Carolyn Miller,mccannmark@example.com,Marketing,Executive,B1,2020-02-18,EMP044
EMP092,Michael Hicks,nhernandez@example.net,Finance,Senior Executive,B4,2018-12-31,EMP046
EMP093,William Lee,jill76@example.org,Marketing,Analyst,B1,2022-04-11,EMP015
EMP094,Nathaniel Fisher,anthonydudley@example.org,Engineering,Senior Executive,B3,2020-03-31,EMP016
EMP095,Tina Perez,elizabethrichardson@example.org,Operations,Senior Manager,B2,2024-04-14,EMP008
EMP096,Sydney Burton,anthonystanton@example.com,Operations,Manager,B2,2021-11-11,EMP016
EMP097,Terry Combs,hollowaydeborah@example.org,Operations,Analyst,B2,2024-11-24,EMP004
EMP098,Melissa White,mjames@example.net,Operations,Senior Manager,B1,2022-11-07,EMP028
EMP099,Jennifer Jimenez,ipeters@example.com,HR,Senior Manager,B3,2020-12-14,EMP026
EMP100,Gregory Jones,ncampos@example.net,Marketing,Senior Executive,B4,2024-06-08,EMP012
EMP101,Robert Melendez,catherine40@example.org,Engineering,Senior Manager,B4,2024-01-08,EMP012
EMP102,Austin Hensley,anthonyedwards@example.net,Sales,Senior Executive,B3,2020-01-05,EMP024
EMP103,Molly Henson,shines@example.net,Finance,Senior Executive,B3,2020-11-19,EMP014
EMP104,Donald Green,darren40@example.com,Finance,Manager,B4,2019-02-28,EMP046
EMP105,Roy Lutz,weissrobert@example.net,HR,Manager,B3,2018-09-21,EMP047
EMP106,Emily Winters,upatel@example.com,Engineering,Senior Manager,B4,2025-10-04,EMP032
EMP107,Devin Johnson,justin66@example.org,HR,Senior Executive,B2,2021-10-11,EMP026
EMP108,Gary Smith,donna00@example.net,Engineering,Analyst,B4,2019-01-22,EMP036
EMP109,Brian Stuart,jeffvillarreal@example.com,Sales,Manager,B3,2021-06-19,EMP023
EMP110,Misty Nolan,coxanne@example.org,Sales,Associate,B3,2020-10-16,EMP007
EMP111,Cheryl Gentry,lee15@example.com,Operations,Executive,B1,2023-11-19,EMP012
EMP112,Justin Walker,brownjoe@example.com,HR,Executive,B4,2024-09-29,EMP010
EMP113,William Hernandez,jennifer09@example.com,Marketing,Executive,B2,2020-11-03,EMP005
EMP114,Mark Price,jonesheather@example.com,Operations,Analyst,B1,2022-04-21,EMP036
EMP115,Robert Glenn,pollardgabriela@example.org,Finance,Associate,B1,2024-04-19,EMP002
EMP116,Steven Dillon,susanleonard@example.com,Engineering,Analyst,B3,2021-03-21,EMP010
EMP117,Sheila Jones,xmartinez@example.net,Sales,Associate,B1,2020-11-20,EMP029
EMP118,Derek Campbell,williamsalicia@example.com,Finance,Senior Manager,B4,2025-10-24,EMP016
EMP119,Luis Martinez,yanthony@example.com,Sales,Manager,B1,2019-12-02,EMP032
EMP120,Jason Parker,barbara33@example.org,Engineering,Associate,B4,2024-08-03,EMP001
EMP121,Pamela Parker,swillis@example.com,Operations,Senior Manager,B2,2024-09-07,EMP015
EMP122,Melinda Oneal,leah66@example.com,Sales,Senior Executive,B4,2021-10-24,EMP004
EMP123,Brian Keller,timothy74@example.net,HR,Manager,B3,2022-03-17,EMP033
EMP124,Paul Rodriguez,reillystacey@example.net,HR,Executive,B1,2024-12-11,EMP039
EMP125,Nicole Brown,jenkinschristopher@example.net,Engineering,Manager,B2,2024-09-23,EMP008
EMP126,Samuel Reyes,michellehanson@example.net,HR,Associate,B3,2020-09-15,EMP043
EMP127,Melissa Shaffer,patelmichael@example.net,Marketing,Analyst,B2,2026-06-16,EMP003
EMP128,Heather Wilson,eric56@example.org,Operations,Senior Manager,B2,2025-03-22,EMP050
EMP129,Brandon Marshall,grant85@example.net,Marketing,Analyst,B4,2023-09-09,EMP019
EMP130,Miguel Jackson,davidcollins@example.org,Finance,Manager,B2,2019-08-14,EMP009
EMP131,Angela Chen,cherylflores@example.net,Finance,Associate,B3,2022-12-10,EMP001
EMP132,Dalton Brown,oduarte@example.net,Finance,Manager,B1,2019-12-01,EMP030
EMP133,Alexander Carpenter,qcarroll@example.org,Finance,Senior Manager,B4,2021-12-18,EMP047
EMP134,Amber Hurley,bmendoza@example.com,Marketing,Manager,B1,2024-06-27,EMP012
EMP135,John Rivera,carrollgeorge@example.com,Sales,Manager,B2,2024-08-10,EMP040
EMP136,Linda Alexander,joel38@example.net,Sales,Analyst,B2,2024-03-28,EMP015
EMP137,Kurt Koch,kaylahart@example.net,Engineering,Senior Manager,B3,2026-06-06,EMP029
EMP138,Steven West,nathaniel74@example.org,Engineering,Executive,B4,2026-04-02,EMP006
EMP139,Kelly Rios,thompsonjohn@example.com,Operations,Manager,B1,2020-01-09,EMP034
EMP140,Cynthia Miller,herreramichelle@example.org,Operations,Analyst,B2,2025-07-21,EMP008
EMP141,Connor Martin,bgolden@example.net,Sales,Manager,B1,2025-12-08,EMP004
EMP142,Ryan David,jasonfernandez@example.org,Sales,Senior Manager,B1,2020-04-25,EMP040
EMP143,Jerry Nunez,hahnmolly@example.com,Engineering,Analyst,B4,2021-08-22,EMP012
EMP144,Margaret Fernandez,kayleebanks@example.net,Sales,Executive,B1,2018-11-12,EMP001
EMP145,John Rivera,carpenteranita@example.org,Sales,Associate,B3,2020-10-22,EMP047
EMP146,Eric Smith,valenciahoward@example.com,Operations,Associate,B3,2019-09-01,EMP017
EMP147,Dr. Anna Harris DVM,seanwoodard@example.org,HR,Senior Manager,B1,2025-09-03,EMP003
EMP148,Andrea Drake,erika15@example.org,Sales,Senior Manager,B2,2019-11-28,EMP011
EMP149,Christopher Allen,zgrant@example.net,HR,Senior Executive,B3,2023-07-21,EMP031
EMP150,Bethany Ray,brandonevans@example.com,Marketing,Executive,B2,2024-02-01,EMP028
EMP151,Christy Simmons,weberchristine@example.com,HR,Executive,B4,2020-06-16,EMP047
EMP152,Kylie Baker,nicholasreid@example.net,Operations,Senior Manager,B4,2023-05-28,EMP023
EMP153,Lisa Valentine,manuel07@example.com,Finance,Executive,B2,2025-06-18,EMP028
EMP154,Taylor Flores,smithlisa@example.com,Sales,Senior Executive,B3,2023-12-28,EMP043
EMP155,Cody Sanders,dennis69@example.net,Marketing,Senior Manager,B1,2018-09-06,EMP012
EMP156,Jill Conner,thorntonlisa@example.net,Marketing,Analyst,B2,2023-07-15,EMP004
EMP157,Cassidy Thompson,masoncarlos@example.org,Operations,Executive,B1,2018-07-24,EMP029
EMP158,Douglas Reynolds,michaelreynolds@example.net,Engineering,Senior Executive,B3,2022-03-28,EMP024
EMP159,Kenneth Stevens,kyle63@example.org,Finance,Executive,B3,2022-03-11,EMP010
EMP160,Darryl Smith,vellis@example.net,Sales,Associate,B1,2022-05-06,EMP039
EMP161,Alicia Conner,cynthia60@example.net,Operations,Manager,B4,2019-11-10,EMP037
EMP162,Thomas Caldwell,kvincent@example.org,Marketing,Manager,B4,2025-08-28,EMP042
EMP163,Cody Foster,nholden@example.org,Operations,Analyst,B4,2019-03-15,EMP042
EMP164,Michael Wells,teresapeters@example.net,Finance,Analyst,B2,2022-12-30,EMP011
EMP165,Sherry Haley,amy18@example.net,HR,Analyst,B3,2025-02-21,EMP023
EMP166,Mitchell Cook,uwoods@example.com,Engineering,Executive,B4,2026-04-27,EMP025
EMP167,Bradley Black,barkerleslie@example.com,Operations,Senior Manager,B4,2026-05-17,EMP005
EMP168,Ryan Campbell,matthew08@example.com,Operations,Executive,B2,2018-08-10,EMP027
EMP169,Nicole Lawson,william23@example.com,HR,Manager,B2,2021-01-13,EMP050
EMP170,Christopher Taylor,hillbrett@example.net,Finance,Analyst,B3,2022-08-04,EMP016
EMP171,Jasmine Baldwin,amandatate@example.org,Marketing,Executive,B2,2021-03-21,EMP014
EMP172,Paul Gutierrez,knappkelsey@example.net,HR,Manager,B3,2021-12-06,EMP044
EMP173,Theresa Dunn,kimberlyrice@example.org,Finance,Associate,B3,2026-04-17,EMP049
EMP174,Stephen Kelley,mbarrett@example.net,Finance,Senior Executive,B4,2025-11-20,EMP008
EMP175,Sheila Frank,amberrobinson@example.org,Engineering,Associate,B3,2024-05-31,EMP010
EMP176,Parker Martin,judy38@example.org,HR,Senior Executive,B2,2024-08-16,EMP013
EMP177,Kristie Hernandez,markjones@example.com,Sales,Senior Manager,B1,2023-07-21,EMP014
EMP178,Jonathan Morales,anthony24@example.org,Sales,Analyst,B1,2022-12-15,EMP010
EMP179,Breanna Olson,carlstrickland@example.org,Finance,Associate,B4,2020-03-23,EMP019
EMP180,Peter Strickland,mitchell48@example.org,Finance,Executive,B1,2023-02-11,EMP004
EMP181,Heather Johnson DDS,cortezerica@example.com,Marketing,Executive,B3,2023-03-18,EMP008
EMP182,Ralph Alvarez,richardmatthew@example.net,Engineering,Senior Manager,B2,2019-10-23,EMP049
EMP183,Scott Jackson,karenlove@example.com,Marketing,Associate,B4,2024-05-13,EMP028
EMP184,Veronica Browning,michelle73@example.net,Operations,Manager,B3,2020-08-15,EMP001
EMP185,Nichole Thomas,calvin83@example.com,Sales,Analyst,B4,2025-12-31,EMP023
EMP186,Chris Murray,dkeith@example.com,Marketing,Senior Executive,B4,2020-04-02,EMP050
EMP187,Jackie Turner,ostewart@example.com,HR,Senior Manager,B3,2025-12-31,EMP039
EMP188,Judy Campos,eric11@example.net,Operations,Senior Manager,B3,2020-12-04,EMP048
EMP189,Brian Bowers,williammiller@example.org,HR,Executive,B3,2021-06-09,EMP009
EMP190,Jamie Wheeler,aperry@example.com,Operations,Associate,B3,2022-07-25,EMP034
EMP191,Natalie Herring,tsanders@example.net,Finance,Senior Manager,B3,2019-09-25,EMP030
EMP192,Rebecca Hamilton,michaelperez@example.com,Engineering,Associate,B4,2025-12-19,EMP047
EMP193,Linda Harper,robertjohnson@example.org,Finance,Analyst,B1,2020-03-14,EMP035
EMP194,Jenny Williams,ronnie19@example.net,Sales,Manager,B1,2025-11-08,EMP007
EMP195,Bridget Wright,patricia69@example.org,Engineering,Senior Manager,B1,2022-05-11,EMP007
EMP196,Tony Reeves,woliver@example.org,Finance,Manager,B4,2023-09-10,EMP041
EMP197,Isaac Watson,jennifer32@example.com,Engineering,Senior Executive,B2,2022-04-04,EMP042
EMP198,Ashley Moore,tombishop@example.net,Sales,Analyst,B2,2024-02-02,EMP003
EMP199,Andrea Harper,maria00@example.com,Marketing,Senior Executive,B1,2018-08-30,EMP019
EMP200,Kristy Parks,vgarcia@example.org,Marketing,Executive,B4,2019-10-06,EMP045
EMP201,Stephen Ellis,thomasharper@example.net,Marketing,Executive,B3,2019-02-27,EMP010
EMP202,Keith Koch,ashley66@example.net,Marketing,Associate,B3,2025-06-16,EMP022
EMP203,Anna Sparks,xwebb@example.net,Sales,Associate,B3,2020-05-31,EMP037
EMP204,Monica Johnson,carolynvalentine@example.net,Engineering,Analyst,B4,2026-02-05,EMP025
EMP205,Randy Herrera,jenniferpham@example.org,HR,Executive,B2,2021-09-02,EMP027
EMP206,Donald Johnson,christopherwalsh@example.net,HR,Associate,B4,2018-09-13,EMP032
EMP207,Crystal Brown,tjohnson@example.com,Marketing,Executive,B1,2022-10-25,EMP001
EMP208,Kelly Hodges,vnelson@example.com,Finance,Executive,B1,2018-10-24,EMP011
EMP209,Melissa Anderson,thomas59@example.net,Operations,Executive,B4,2025-07-18,EMP001
EMP210,Bianca Thomas,thomas38@example.net,Engineering,Manager,B2,2024-11-27,EMP008
EMP211,Kimberly Farmer,samuel18@example.org,HR,Executive,B1,2018-12-07,EMP015
EMP212,Christopher Fuentes,mosleymartin@example.com,Marketing,Executive,B3,2019-06-02,EMP021
EMP213,Jim Miller,murraydavid@example.com,Finance,Executive,B3,2022-01-15,EMP048
EMP214,Maria Maynard,hardyjessica@example.org,Marketing,Senior Manager,B2,2025-10-14,EMP002
EMP215,Eugene Lawson,tyler77@example.com,Marketing,Executive,B3,2021-11-16,EMP025
EMP216,Michael Meza,christian21@example.net,Sales,Executive,B4,2021-08-21,EMP007
EMP217,Shawn Carroll,yblevins@example.net,Engineering,Senior Manager,B4,2022-09-25,EMP029
EMP218,Laura Lopez,joe51@example.net,HR,Executive,B3,2023-09-06,EMP009
EMP219,Michael Chen,timothy24@example.org,Engineering,Associate,B2,2026-05-17,EMP050
EMP220,Ashley Edwards,briannalutz@example.com,Operations,Executive,B2,2021-03-01,EMP004
EMP221,Jerry Cole,theresahorton@example.com,HR,Senior Executive,B4,2023-04-06,EMP048
EMP222,Anne Cain,ryan05@example.org,Sales,Associate,B4,2023-08-01,EMP005
EMP223,Robert Foster,ajones@example.org,Sales,Senior Manager,B2,2021-05-22,EMP029
EMP224,Parker Jones,sharonturner@example.com,Sales,Analyst,B1,2024-10-13,EMP049
EMP225,John Wyatt,iyoung@example.com,Operations,Senior Manager,B4,2019-07-02,EMP049
EMP226,Robert Miles,jenna46@example.com,Engineering,Manager,B4,2022-11-22,EMP002
EMP227,Heidi Parker,stevenmiller@example.com,Sales,Manager,B3,2025-02-08,EMP036
EMP228,Michael Horton,oroberts@example.org,Operations,Senior Executive,B1,2024-05-20,EMP022
EMP229,Juan Garcia,hardingsteve@example.net,HR,Senior Executive,B4,2024-05-17,EMP003
EMP230,Nicole Johnson,crystalgross@example.com,HR,Manager,B3,2024-11-04,EMP006
EMP231,Michael Allen,tthomas@example.net,Finance,Manager,B1,2024-09-29,EMP039
EMP232,Sergio Kim,thomassanders@example.net,HR,Senior Executive,B2,2022-01-19,EMP049
EMP233,Jamie Chan,sean66@example.org,Sales,Associate,B1,2022-08-28,EMP014
EMP234,William Thomas,garciabrenda@example.com,Marketing,Senior Executive,B3,2025-01-14,EMP025
EMP235,Elizabeth Schultz,cookseth@example.org,Engineering,Senior Manager,B4,2024-11-02,EMP030
EMP236,Robert Callahan,danielcook@example.net,Operations,Analyst,B4,2025-05-02,EMP024
EMP237,Amber Lee,kwells@example.org,Operations,Executive,B4,2019-06-09,EMP002
EMP238,Debra Moore,andersondebbie@example.org,HR,Manager,B3,2025-05-20,EMP025
EMP239,Donald Anderson,cooleybonnie@example.org,Finance,Senior Executive,B1,2022-06-16,EMP036
EMP240,Jamie Anderson,dmunoz@example.net,Sales,Manager,B1,2018-07-14,EMP019
EMP241,Brandon Rangel,markbowman@example.net,Operations,Executive,B3,2021-11-23,EMP027
EMP242,Terry Scott,rhondapaul@example.com,HR,Senior Executive,B2,2026-05-27,EMP045
EMP243,Nathaniel Stewart,copelandariel@example.org,Operations,Senior Executive,B1,2022-08-16,EMP014
EMP244,Bradley Harris,kperry@example.org,Sales,Associate,B3,2024-06-02,EMP019
EMP245,Tina Meyer,lisaharrison@example.net,HR,Executive,B4,2023-09-27,EMP014
EMP246,Shane Jenkins,daniel54@example.com,Sales,Senior Manager,B4,2025-08-30,EMP047
EMP247,Heather Wood,campbellsean@example.net,Marketing,Senior Executive,B2,2019-05-23,EMP014
EMP248,Yvonne Wilson,ehansen@example.com,Marketing,Manager,B3,2020-02-16,EMP002
EMP249,Carol Wright,bonnieli@example.com,HR,Manager,B2,2025-06-16,EMP006
EMP250,Meagan Molina,chudson@example.net,Finance,Analyst,B2,2022-09-02,EMP030
EMP251,Karen Chapman,alexlyons@example.com,Finance,Analyst,B2,2024-06-26,EMP041
EMP252,Taylor Fields,christyflowers@example.com,Sales,Senior Manager,B4,2018-10-23,EMP023
EMP253,Robert Cooper,rebecca44@example.com,Finance,Senior Executive,B4,2021-02-10,EMP016
EMP254,Justin Mercado,robinsonjenna@example.com,Finance,Associate,B4,2019-09-06,EMP029
EMP255,Miranda Garcia,jonesaaron@example.net,Marketing,Senior Manager,B3,2021-09-08,EMP049
EMP256,Casey Cooper,jessica60@example.org,Engineering,Manager,B4,2024-12-15,EMP020
EMP257,Katherine Mitchell,michaeljackson@example.org,Operations,Associate,B2,2023-05-29,EMP010
EMP258,Dennis Park,jimmyhill@example.com,HR,Associate,B2,2026-05-08,EMP014
EMP259,Meagan Perry,chaneymichelle@example.com,Operations,Associate,B2,2020-03-29,EMP011
EMP260,Billy Cruz,morrisanita@example.org,Engineering,Executive,B1,2019-02-13,EMP040
EMP261,Kelly Meyer,williamsemma@example.net,HR,Senior Executive,B4,2023-01-04,EMP033
EMP262,Nathan Gibson,glenn25@example.net,Sales,Senior Executive,B2,2021-09-07,EMP036
EMP263,Bradley Schultz,bishopkevin@example.com,Sales,Analyst,B3,2024-06-12,EMP048
EMP264,Maurice Robinson,tylercarter@example.com,Finance,Manager,B2,2023-01-20,EMP042
EMP265,Dwayne Francis,billyabbott@example.org,Engineering,Analyst,B3,2021-01-28,EMP044
EMP266,Daniel Padilla,ashley45@example.net,Engineering,Analyst,B1,2023-01-31,EMP028
EMP267,Jamie Rodriguez,mccoyjohn@example.org,Engineering,Executive,B4,2021-07-16,EMP006
EMP268,Beth Johnson,pgoodwin@example.com,Finance,Associate,B2,2021-10-19,EMP023
EMP269,Antonio Williams,amanda34@example.org,Finance,Associate,B2,2020-05-19,EMP020
EMP270,Michael Johnson,hlopez@example.org,Sales,Senior Executive,B2,2024-04-04,EMP023
EMP271,Travis Diaz,sparkstammy@example.org,Sales,Analyst,B1,2025-02-22,EMP009
EMP272,Thomas Johnson,kporter@example.net,Operations,Analyst,B4,2021-11-18,EMP004
EMP273,Melissa Hood,pnguyen@example.org,Marketing,Executive,B2,2022-11-05,EMP035
EMP274,Eric Baker,debbieprice@example.org,Engineering,Senior Executive,B4,2025-03-01,EMP037
EMP275,Shannon Williams,meganwarren@example.org,Finance,Senior Executive,B4,2024-10-04,EMP032
EMP276,Gerald Thompson,codyramirez@example.com,Finance,Senior Manager,B4,2022-10-31,EMP028
EMP277,Rebecca Olson,pcameron@example.org,Finance,Associate,B2,2021-02-18,EMP037
EMP278,Heather White,brian74@example.net,Finance,Senior Manager,B2,2025-08-14,EMP009
EMP279,Kristy Fernandez,bradley91@example.com,Engineering,Senior Executive,B1,2018-07-13,EMP013
EMP280,Timothy Robinson,zwarren@example.com,HR,Senior Executive,B2,2024-05-17,EMP002
EMP281,Julie Delacruz,rayamy@example.org,Marketing,Executive,B3,2022-04-22,EMP024
EMP282,Scott Mcdonald,ericmcdonald@example.net,HR,Senior Executive,B4,2023-05-22,EMP046
EMP283,Patricia Vargas,michaeltownsend@example.net,Marketing,Senior Executive,B4,2025-11-22,EMP035
EMP284,Erin Lopez,iwheeler@example.org,Marketing,Manager,B4,2019-05-26,EMP045
EMP285,David Wyatt,nancyrobbins@example.org,Engineering,Analyst,B1,2025-05-14,EMP040
EMP286,Dana Scott,hubbardpam@example.org,Finance,Senior Manager,B1,2023-09-07,EMP007
EMP287,Kristy Martin,richardpatrick@example.net,Operations,Analyst,B2,2023-05-27,EMP006
EMP288,Andrew Pierce,tim96@example.com,HR,Executive,B3,2020-12-28,EMP006
EMP289,Guy Duran,grantjason@example.com,Operations,Associate,B4,2020-12-29,EMP021
EMP290,Ruth Hernandez,allison17@example.org,Engineering,Senior Executive,B3,2025-06-18,EMP033
EMP291,Maria Hernandez,christine18@example.com,HR,Executive,B1,2020-05-29,EMP028
EMP292,Jacob Robinson,taylorchristopher@example.org,Sales,Analyst,B2,2018-12-01,EMP005
EMP293,Stephanie Nelson,hillmisty@example.org,Engineering,Senior Executive,B4,2022-10-19,EMP031
EMP294,Krista Johnson,salinasjohnny@example.net,HR,Senior Executive,B3,2025-03-29,EMP002
EMP295,Alicia Woodward,laurabishop@example.org,Marketing,Associate,B1,2023-03-31,EMP044
EMP296,Elizabeth Bruce,hillralph@example.net,Engineering,Associate,B1,2018-09-05,EMP013
EMP297,James Combs,nelsonrobert@example.org,Marketing,Executive,B2,2025-05-15,EMP016
EMP298,Melissa Randall,michaelnelson@example.org,Sales,Manager,B2,2023-04-02,EMP023
EMP299,Andrea Perry,fjoseph@example.net,Sales,Senior Executive,B1,2022-05-28,EMP026
EMP300,Melissa Rodgers,juliabarber@example.com,Marketing,Manager,B2,2020-08-30,EMP024
EMP301,Alexander Johnson,fanderson@example.net,Engineering,Senior Manager,B2,2025-07-18,EMP050
EMP302,Patricia White,williamschristopher@example.com,Engineering,Associate,B3,2021-12-16,EMP038
EMP303,Mitchell Ellis,uharris@example.com,HR,Manager,B3,2025-11-11,EMP021
EMP304,Richard Aguilar,kristin48@example.net,Operations,Senior Executive,B4,2019-09-23,EMP026
EMP305,Alexander Bruce,hlopez@example.com,HR,Senior Executive,B3,2020-07-05,EMP009
EMP306,Joel Carrillo,michaelmay@example.org,Marketing,Executive,B4,2025-10-01,EMP031
EMP307,Mary Johns,gmcgee@example.net,HR,Senior Manager,B4,2019-01-28,EMP045
EMP308,Abigail Mitchell MD,nicholasanderson@example.com,Sales,Executive,B4,2025-10-21,EMP049
EMP309,Katie Kelly,ocarpenter@example.com,HR,Senior Manager,B2,2025-08-09,EMP015
EMP310,Casey Patel,davidblanchard@example.org,Finance,Associate,B4,2022-06-21,EMP024
EMP311,Meredith Rodriguez,elizabeth61@example.com,Marketing,Manager,B1,2020-04-27,EMP035
EMP312,Kevin Jensen,jonesscott@example.com,HR,Associate,B3,2025-10-18,EMP033
EMP313,Steven Welch,kevinshannon@example.net,Operations,Senior Executive,B2,2022-07-15,EMP031
EMP314,Jeremy Webb,suzanne43@example.com,Marketing,Senior Manager,B3,2021-11-08,EMP038
EMP315,Susan Johnson,brittanymullins@example.org,Engineering,Associate,B4,2024-05-02,EMP025
EMP316,Megan Contreras,fdodson@example.net,Engineering,Associate,B2,2024-07-31,EMP040
EMP317,Justin Hamilton,kingmatthew@example.org,Sales,Associate,B4,2019-01-22,EMP025
EMP318,Susan Gilbert,bkennedy@example.com,Marketing,Senior Manager,B3,2025-07-09,EMP030
EMP319,Lisa Schultz,uwilliams@example.com,Operations,Manager,B2,2023-02-19,EMP040
EMP320,Kristen Marshall,jonathanwaters@example.com,Operations,Analyst,B3,2025-03-27,EMP001
EMP321,Frank Powell,stevenyoung@example.net,Sales,Senior Manager,B2,2024-04-20,EMP042
EMP322,Krystal Kennedy,douglas93@example.net,Operations,Manager,B1,2022-01-07,EMP021
EMP323,Samantha Fisher,gmcgee@example.org,HR,Analyst,B2,2021-03-26,EMP013
EMP324,Ruth Carter,dwayne43@example.net,Sales,Senior Executive,B2,2026-02-01,EMP010
EMP325,Christian Randall,angelica36@example.org,Finance,Senior Executive,B2,2025-05-02,EMP027
EMP326,Heather Clay,ryan21@example.com,Engineering,Analyst,B2,2022-06-22,EMP016
EMP327,Kelly Charles,shernandez@example.net,HR,Analyst,B2,2024-10-26,EMP043
EMP328,Kyle Haas,chamberssamuel@example.net,Operations,Executive,B3,2019-01-26,EMP033
EMP329,Pamela Anderson,caseykristine@example.com,HR,Manager,B4,2018-12-07,EMP046
EMP330,Andrea Wilson,adamsdanielle@example.org,Engineering,Analyst,B2,2021-01-30,EMP030
EMP331,Stephen Vazquez,portega@example.net,HR,Manager,B3,2023-05-08,EMP021
EMP332,Madison Gonzalez,nicolejensen@example.net,Marketing,Associate,B2,2022-05-15,EMP026
EMP333,John Bishop,penningtontiffany@example.net,HR,Manager,B3,2020-06-17,EMP033
EMP334,Austin Gibson,anthony22@example.com,Finance,Senior Executive,B4,2025-05-12,EMP036
EMP335,Jeremy Lowery,xmurphy@example.com,Operations,Associate,B3,2025-03-10,EMP016
EMP336,Andrew Barr,austinlee@example.com,Marketing,Executive,B3,2023-01-23,EMP019
EMP337,Julie Gonzales,rwilson@example.org,HR,Analyst,B1,2026-06-01,EMP027
EMP338,Justin Cole,ysanchez@example.com,Marketing,Senior Executive,B4,2022-07-28,EMP010
EMP339,Jennifer Elliott,rharvey@example.com,Engineering,Executive,B3,2021-07-11,EMP020
EMP340,Joel Tyler Jr.,qhansen@example.org,Marketing,Manager,B4,2021-02-19,EMP002
EMP341,Christopher Dean,kmann@example.org,Engineering,Associate,B2,2021-04-23,EMP045
EMP342,Shirley Moreno,john55@example.com,Marketing,Executive,B3,2021-11-04,EMP036
EMP343,John Burch,imooney@example.net,Finance,Executive,B3,2025-06-14,EMP049
EMP344,Justin Murray,pharris@example.com,HR,Manager,B2,2020-01-20,EMP021
EMP345,Jennifer Oneill,alexander78@example.net,Engineering,Analyst,B4,2023-07-04,EMP008
EMP346,Melissa Lopez,bjohnson@example.org,Operations,Manager,B2,2018-11-13,EMP015
EMP347,Cody Anderson,burnsdavid@example.net,Operations,Associate,B3,2019-02-17,EMP021
EMP348,Ms. Brooke Barry,deborahowens@example.com,Sales,Associate,B2,2019-04-11,EMP032
EMP349,Jennifer Wallace,smithgregory@example.com,Engineering,Senior Manager,B1,2022-06-15,EMP010
EMP350,Brian Patterson,christopherbeasley@example.com,Engineering,Senior Executive,B1,2022-08-29,EMP021
EMP351,Sandra Anderson,justin89@example.org,Operations,Senior Executive,B3,2024-12-16,EMP016
EMP352,Timothy Duncan,watsonpaula@example.net,Engineering,Executive,B3,2022-07-16,EMP020
EMP353,Megan Collins,elizabethramirez@example.com,Operations,Senior Manager,B4,2020-02-15,EMP050
EMP354,Diana Simpson,nicholasgarcia@example.com,HR,Associate,B4,2020-04-25,EMP016
EMP355,Andrea Terry,ronald89@example.com,Marketing,Senior Executive,B2,2019-07-12,EMP026
EMP356,Kelsey Martin,psutton@example.org,Sales,Associate,B4,2024-02-18,EMP033
EMP357,Kristin Boyer,williamslisa@example.net,Sales,Senior Manager,B4,2024-09-02,EMP027
EMP358,Melissa Morris,steven74@example.com,Engineering,Associate,B3,2022-04-01,EMP008
EMP359,Sean Armstrong,emilyallen@example.org,Finance,Executive,B3,2019-12-15,EMP034
EMP360,Douglas Padilla,dale78@example.com,Marketing,Senior Manager,B3,2026-02-08,EMP030
EMP361,John Thompson,alexanderwilliams@example.org,Operations,Manager,B4,2022-06-18,EMP009
EMP362,Katie Hernandez,claudiabarnes@example.net,Sales,Associate,B1,2025-03-24,EMP018
EMP363,Theresa Jones,harrisbrian@example.com,Finance,Associate,B2,2019-07-15,EMP050
EMP364,Christopher Snyder,ronaldsmith@example.net,Finance,Senior Executive,B4,2022-09-06,EMP015
EMP365,Kerry Suarez,waynewalsh@example.com,HR,Manager,B3,2021-10-08,EMP036
EMP366,Andrew Miller,isaac56@example.net,Engineering,Senior Executive,B1,2021-03-13,EMP006
EMP367,Aaron Strong Jr.,nunezshawn@example.org,Operations,Analyst,B2,2025-04-17,EMP046
EMP368,Tracey Kelly,matthew59@example.org,HR,Senior Executive,B4,2019-02-23,EMP005
EMP369,Eric Moore,sanchezkimberly@example.net,Marketing,Executive,B4,2021-06-22,EMP033
EMP370,Andrew Werner,tiffany78@example.com,Finance,Executive,B3,2021-09-20,EMP010
EMP371,Robert Tucker,kyleruiz@example.com,Engineering,Senior Executive,B1,2019-10-06,EMP040
EMP372,David Mitchell,francestate@example.net,Sales,Senior Executive,B1,2020-02-05,EMP021
EMP373,Brian Cruz,fwilliams@example.org,Engineering,Manager,B4,2026-04-06,EMP023
EMP374,Vincent Rivera,henrydylan@example.com,Engineering,Analyst,B4,2026-05-18,EMP010
EMP375,Jonathan Jennings,sheilagilbert@example.net,Engineering,Associate,B4,2025-07-21,EMP014
EMP376,Samantha Jones,annaclark@example.net,Sales,Senior Executive,B1,2019-05-15,EMP014
EMP377,Zoe Johnston,ymullen@example.com,HR,Executive,B1,2024-01-06,EMP043
EMP378,Stuart Williams,jalvarez@example.org,Operations,Associate,B4,2023-03-13,EMP048
EMP379,Daniel Peterson,jacob39@example.org,Sales,Senior Executive,B4,2020-11-24,EMP019
EMP380,Jordan Olson,edward91@example.com,HR,Senior Executive,B4,2023-11-22,EMP021
EMP381,Kristen Edwards,dana00@example.net,Engineering,Senior Manager,B1,2022-11-05,EMP027
EMP382,Daniel Lopez,kendra79@example.com,Operations,Executive,B1,2023-10-09,EMP012
EMP383,Matthew Perez,kylebennett@example.org,Marketing,Executive,B2,2021-11-25,EMP009
EMP384,Barry Johnson,ruth61@example.com,Finance,Senior Manager,B2,2019-09-22,EMP017
EMP385,Robert Harrison,pamelavillarreal@example.org,Sales,Associate,B4,2018-08-12,EMP019
EMP386,Aaron Bates,justinmedina@example.com,Sales,Executive,B4,2019-09-20,EMP041
EMP387,Roy Mendoza,samantha46@example.com,HR,Senior Executive,B2,2019-10-31,EMP041
EMP388,Cristina Clark,petersonjennifer@example.org,HR,Executive,B4,2020-05-28,EMP031
EMP389,Lindsay Schmidt,tara52@example.net,Engineering,Senior Executive,B3,2020-07-28,EMP035
EMP390,William Thompson,jonesrebekah@example.com,Marketing,Associate,B3,2025-05-07,EMP001
EMP391,Courtney Dunn,laura02@example.com,HR,Analyst,B1,2021-07-15,EMP046
EMP392,Dustin Owens,jonathanperkins@example.com,Marketing,Analyst,B4,2022-05-18,EMP002
EMP393,Carrie Mcdonald,welchdeborah@example.org,Marketing,Associate,B2,2024-04-01,EMP027
EMP394,Andrew Burns,julia99@example.net,Finance,Senior Manager,B2,2023-02-06,EMP004
EMP395,Paul Ruiz,jennifer18@example.com,Engineering,Senior Manager,B3,2018-10-07,EMP005
EMP396,Brian Ortiz,xprice@example.net,Marketing,Senior Executive,B3,2018-08-24,EMP047
EMP397,John Black,edwardmoreno@example.com,HR,Associate,B4,2018-10-13,EMP024
EMP398,Zachary Wilkinson,mitchelldanielle@example.net,Engineering,Senior Manager,B3,2023-07-06,EMP044
EMP399,Logan Smith,sharvey@example.net,Finance,Senior Manager,B3,2020-12-24,EMP048
EMP400,Kenneth Brown,casey89@example.org,Finance,Manager,B2,2023-07-13,EMP040
EMP401,Stephanie Warren,perezjoseph@example.net,Marketing,Executive,B4,2018-12-30,EMP018
EMP402,Marie Schmidt,alexanderroth@example.org,Finance,Senior Manager,B4,2021-02-08,EMP050
EMP403,Kenneth Baker,wendyreeves@example.net,Sales,Analyst,B4,2024-03-23,EMP040
EMP404,Steven Hunt,frances04@example.net,Marketing,Associate,B2,2021-12-26,EMP029
EMP405,Christine Ewing,benjamin02@example.com,Sales,Senior Executive,B2,2022-08-03,EMP045
EMP406,Beth Cain,cortezlauren@example.com,Sales,Executive,B1,2024-09-03,EMP005
EMP407,Clarence Kennedy,guzmanjeanette@example.org,Finance,Associate,B4,2020-05-18,EMP004
EMP408,Charlene Snow,jenna11@example.net,Marketing,Senior Executive,B4,2023-10-01,EMP011
EMP409,Carolyn Tucker,jeremyjames@example.com,Operations,Senior Executive,B1,2026-02-25,EMP032
EMP410,Debra Haas,jacquelineparker@example.org,Finance,Analyst,B4,2024-03-27,EMP026
EMP411,Gordon Lewis,tjackson@example.com,Engineering,Executive,B3,2020-06-25,EMP030
EMP412,Angela Howe,andrea57@example.com,Operations,Senior Executive,B4,2025-07-18,EMP019
EMP413,Christopher Romero,christopher49@example.com,Finance,Manager,B3,2023-08-01,EMP020
EMP414,Shawn Davis,jennifermoss@example.net,Engineering,Executive,B2,2022-04-05,EMP029
EMP415,Linda Arroyo,ryan41@example.com,Sales,Analyst,B1,2024-11-18,EMP019
EMP416,Emma Clarke,michellesmith@example.net,Finance,Analyst,B4,2023-08-20,EMP018
EMP417,Tanya Greene,andersoncarrie@example.com,Operations,Senior Manager,B1,2020-07-17,EMP008
EMP418,Sandra Simmons,ibarrett@example.net,Marketing,Analyst,B3,2025-06-15,EMP022
EMP419,Timothy Roberts,oayala@example.net,Sales,Executive,B4,2022-08-24,EMP026
EMP420,James Cunningham,foliver@example.com,Operations,Analyst,B2,2021-08-08,EMP039
EMP421,Christopher Benton,zhangjonathan@example.net,Finance,Senior Manager,B4,2025-07-21,EMP027
EMP422,Elizabeth Wilson,danielrogers@example.org,Sales,Senior Manager,B1,2024-04-08,EMP040
EMP423,Matthew Sullivan,sanchezbeth@example.org,Finance,Executive,B3,2020-01-08,EMP012
EMP424,Regina Howard,alexandria45@example.net,Sales,Analyst,B4,2021-02-06,EMP036
EMP425,Valerie Lopez,smithjill@example.net,Operations,Senior Executive,B1,2022-07-27,EMP030
EMP426,Heather Williams,lsmall@example.org,HR,Senior Executive,B4,2025-11-13,EMP048
EMP427,Jared Johnson,smcclain@example.org,Sales,Manager,B3,2022-07-26,EMP049
EMP428,Benjamin Mccullough MD,evansdavid@example.com,Marketing,Senior Manager,B4,2022-09-30,EMP014
EMP429,Randy Solomon,jenniferyoung@example.net,Marketing,Senior Manager,B1,2019-10-12,EMP002
EMP430,Gregg Anderson,vjennings@example.net,HR,Analyst,B3,2021-09-01,EMP012
EMP431,Rebecca Hamilton,emily22@example.net,Finance,Senior Manager,B2,2025-11-02,EMP020
EMP432,Cheryl Grant,kjohnson@example.com,HR,Senior Manager,B3,2020-04-27,EMP033
EMP433,Ruth Baker,lwashington@example.com,Operations,Analyst,B3,2025-06-19,EMP025
EMP434,Lori Bennett,timothylutz@example.net,Engineering,Senior Executive,B4,2021-04-07,EMP017
EMP435,Thomas Conway,james80@example.org,Finance,Analyst,B2,2019-03-14,EMP009
EMP436,Alex Fischer,johngutierrez@example.com,Finance,Analyst,B3,2019-02-10,EMP020
EMP437,Leah Jones,welchmary@example.org,Engineering,Executive,B3,2023-11-13,EMP032
EMP438,Darrell Ford,tanya66@example.net,Marketing,Analyst,B4,2020-11-05,EMP013
EMP439,Elizabeth Howard,brownrobert@example.org,Engineering,Executive,B3,2024-01-30,EMP027
EMP440,Bryan Baker,antoniomorris@example.net,HR,Executive,B4,2020-05-02,EMP016
EMP441,Daniel Washington,laurapatrick@example.net,Marketing,Analyst,B2,2023-05-17,EMP016
EMP442,Diana Maldonado,william54@example.net,Operations,Associate,B2,2021-11-06,EMP040
EMP443,Lisa Ferguson,samuel62@example.org,Marketing,Associate,B3,2019-10-20,EMP003
EMP444,Craig Romero,bakercrystal@example.net,HR,Executive,B2,2020-08-28,EMP038
EMP445,Christian Chang,karenrodriguez@example.net,Engineering,Analyst,B4,2023-02-27,EMP013
EMP446,Dana Evans,mfowler@example.com,Marketing,Senior Manager,B3,2020-07-10,EMP048
EMP447,Diana Thompson,brettmccoy@example.com,Engineering,Analyst,B3,2019-11-14,EMP002
EMP448,John Roberts,sabrina86@example.net,Engineering,Manager,B1,2021-07-01,EMP015
EMP449,Mr. Victor Edwards,lwallace@example.org,Marketing,Manager,B3,2019-04-16,EMP049
EMP450,Amy Miller,timothy31@example.org,Operations,Associate,B4,2025-12-04,EMP044
EMP451,Cassandra Maddox,jharris@example.com,Sales,Analyst,B4,2022-12-16,EMP026
EMP452,Matthew Brown,jasongreene@example.com,Engineering,Associate,B2,2023-02-11,EMP014
EMP453,Nicole Barr,fodonnell@example.org,Marketing,Senior Manager,B3,2025-06-17,EMP008
EMP454,Michele Wright,dana72@example.net,Sales,Manager,B3,2020-07-14,EMP030
EMP455,Theresa Meadows,larrywelch@example.com,Sales,Senior Manager,B4,2023-08-17,EMP031
EMP456,Stephen Chase,ashley07@example.org,Engineering,Executive,B3,2024-12-10,EMP043
EMP457,Brandon Johnson,michaeljones@example.net,Operations,Manager,B3,2025-02-11,EMP002
EMP458,Heather Perez,tonyasmith@example.org,Sales,Senior Manager,B2,2019-09-12,EMP006
EMP459,Matthew Johnson,gjacobson@example.net,Finance,Senior Executive,B1,2018-10-24,EMP030
EMP460,Christopher Nguyen,lleonard@example.net,Sales,Executive,B2,2023-12-11,EMP038
EMP461,Robert Gutierrez,lsimmons@example.org,Operations,Executive,B2,2021-02-03,EMP005
EMP462,Brent Galloway,clifford61@example.org,HR,Senior Manager,B4,2024-12-23,EMP003
EMP463,Tiffany Hart,pageveronica@example.com,Sales,Executive,B1,2024-04-08,EMP024
EMP464,Catherine King,jacksonclinton@example.com,HR,Associate,B2,2019-05-10,EMP027
EMP465,Matthew Lambert,sarah17@example.com,Operations,Analyst,B3,2020-08-17,EMP033
EMP466,Craig Scott,saunderswilliam@example.com,Marketing,Senior Executive,B3,2025-08-17,EMP018
EMP467,Raymond Walker,erin72@example.com,Engineering,Senior Executive,B3,2022-10-31,EMP016
EMP468,Diane Kelly,kirstengraham@example.net,Engineering,Associate,B2,2019-01-19,EMP014
EMP469,Austin Cox,timothy99@example.net,Engineering,Senior Manager,B4,2022-01-31,EMP015
EMP470,Brittany Bonilla,jacquelinechristensen@example.net,Sales,Manager,B2,2020-06-09,EMP008
EMP471,Joshua Henry,garrettchen@example.com,Operations,Manager,B4,2021-07-28,EMP044
EMP472,Jennifer Gutierrez,kristinfriedman@example.org,HR,Senior Executive,B2,2024-04-03,EMP028
EMP473,Brian Bradley,escobarrenee@example.com,Sales,Associate,B2,2025-07-08,EMP043
EMP474,Lisa Mitchell,jonathansaunders@example.com,Finance,Senior Manager,B4,2025-07-29,EMP036
EMP475,David Thompson,hwhitney@example.net,Marketing,Associate,B2,2024-11-30,EMP039
EMP476,Cameron Henderson,nathanglover@example.net,Marketing,Manager,B4,2021-12-01,EMP021
EMP477,Crystal Bauer,hwilson@example.com,Finance,Manager,B4,2025-03-12,EMP037
EMP478,Brooke Barr,eharper@example.org,HR,Senior Manager,B3,2021-09-12,EMP033
EMP479,Cody Cummings,rwilliams@example.com,Sales,Manager,B4,2022-03-02,EMP013
EMP480,Bruce Jones,markduncan@example.org,Sales,Analyst,B4,2024-01-19,EMP023
EMP481,Kelly Shaw,frenchmelissa@example.org,Engineering,Senior Manager,B3,2023-06-25,EMP018
EMP482,Robert Henry,ellisontaylor@example.org,Sales,Executive,B3,2025-03-22,EMP033
EMP483,Gary Alexander,nancy31@example.org,Operations,Senior Manager,B1,2025-02-23,EMP037
EMP484,Juan Anthony,michaelfleming@example.com,Engineering,Associate,B2,2020-11-11,EMP010
EMP485,Thomas Davis,lrodriguez@example.com,Engineering,Manager,B3,2022-05-07,EMP015
EMP486,Philip Walker,johnsonadam@example.org,HR,Associate,B1,2020-05-14,EMP020
EMP487,Randy Arroyo,edward45@example.net,Engineering,Associate,B4,2019-08-15,EMP034
EMP488,Gina Thompson,benjaminyoung@example.com,HR,Analyst,B4,2022-02-03,EMP031
EMP489,Pamela Armstrong,michellevalencia@example.com,Marketing,Analyst,B3,2025-05-14,EMP008
EMP490,Dr. Kathryn Smith,heather48@example.net,HR,Senior Executive,B2,2019-03-08,EMP048
EMP491,Andrew Johnson,perrymichael@example.net,HR,Analyst,B4,2024-02-11,EMP035
EMP492,Brittany Oliver,wwest@example.net,Marketing,Senior Manager,B2,2021-10-20,EMP009
EMP493,Cynthia Greer,michelle47@example.net,Engineering,Analyst,B3,2021-08-06,EMP011
EMP494,Joseph Dunn,ashleyavila@example.net,Marketing,Executive,B1,2024-09-27,EMP038
EMP495,John Perkins,frederickquinn@example.com,Marketing,Associate,B1,2020-01-14,EMP004
EMP496,Courtney Stewart,hgreer@example.net,Marketing,Associate,B1,2019-05-08,EMP036
EMP497,Lisa Williams,candicethomas@example.net,Marketing,Analyst,B1,2020-10-03,EMP024
EMP498,Victoria Barker,sara25@example.com,Finance,Manager,B1,2018-08-30,EMP043
EMP499,Kristina Holmes,ortizsteven@example.com,Operations,Manager,B4,2019-03-08,EMP025
EMP500,Jennifer Miller,waynephillips@example.org,Finance,Manager,B3,2023-12-08,EMP036
