employee_id,department,leave_type,days
EMP001,Engineering,Casual Leave,10
EMP002,Operations,Sick Leave,5
EMP002,Operations,Maternity Leave,9
EMP002,Operations,Casual Leave,2
EMP002,Operations,Sick Leave,8
EMP002,Operations,Sick Leave,4
EMP003,Marketing,Sick Leave,1
EMP003,Marketing,Earned Leave,9
EMP004,Finance,Earned Leave,1
EMP004,Finance,Sick Leave,4
EMP005,Finance,Maternity Leave,8
EMP005,Finance,Maternity Leave,6
EMP006,Operations,Maternity Leave,7
EMP007,Sales,Casual Leave,9
EMP008,Marketing,Sick Leave,1
EMP008,Marketing,Sick Leave,6
EMP008,Marketing,Casual Leave,2
EMP008,Marketing,Maternity Leave,9
EMP008,Marketing,Maternity Leave,10
EMP009,Engineering,Earned Leave,5
EMP009,Engineering,Earned Leave,3
EMP009,Engineering,Earned Leave,2
EMP009,Engineering,Maternity Leave,5
EMP010,Finance,Earned Leave,10
EMP010,Finance,Sick Leave,7
EMP010,Finance,Casual Leave,3
EMP010,Finance,Maternity Leave,4
EMP010,Finance,Sick Leave,7
EMP011,HR,Casual Leave,3
EMP011,HR,Maternity Leave,2
EMP011,HR,Sick Leave,8
EMP011,HR,Casual Leave,2
EMP012,Engineering,Casual Leave,4
EMP013,HR,Sick Leave,8
EMP013,HR,Sick Leave,3
EMP013,HR,Sick Leave,4
EMP013,HR,Casual Leave,3
EMP014,Marketing,Casual Leave,10
EMP014,Marketing,Maternity Leave,9
EMP014,Marketing,Casual Leave,3
EMP015,Sales,Casual Leave,2
EMP015,Sales,Earned Leave,9
EMP016,Operations,Maternity Leave,6
EMP016,Operations,Sick Leave,3
EMP016,Operations,Maternity Leave,3
EMP016,Operations,Maternity Leave,3
EMP016,Operations,Earned Leave,2
EMP017,Finance,Earned Leave,3
EMP017,Finance,Earned Leave,8
EMP017,Finance,Maternity Leave,5
EMP018,Marketing,Earned Leave,1
EMP018,Marketing,Maternity Leave,9
EMP018,Marketing,Casual Leave,10
EMP018,Marketing,Earned Leave,9
EMP019,Sales,Sick Leave,5
EMP019,Sales,Maternity Leave,1
EMP019,Sales,Casual Leave,4
EMP020,Marketing,Maternity Leave,4
EMP020,Marketing,Maternity Leave,10
EMP021,HR,Sick Leave,10
EMP021,HR,Sick Leave,3
EMP021,HR,Sick Leave,6
EMP022,Marketing,Maternity Leave,4
EMP022,Marketing,Earned Leave,3
EMP022,Marketing,Casual Leave,6
EMP022,Marketing,Earned Leave,6
EMP023,Finance,Casual Leave,10
EMP023,Finance,Sick Leave,1
EMP023,Finance,Casual Leave,3
EMP024,Sales,Maternity Leave,10
EMP024,Sales,Maternity Leave,3
EMP025,Sales,Sick Leave,1
EMP025,Sales,Maternity Leave,8
EMP025,Sales,Earned Leave,8
EMP026,Operations,Casual Leave,7
EMP026,Operations,Sick Leave,7
EMP027,HR,Sick Leave,6
EMP027,HR,Maternity Leave,9
EMP028,HR,Sick Leave,8
EMP028,HR,Sick Leave,5
EMP028,HR,Earned Leave,6
EMP028,HR,Casual Leave,10
EMP028,HR,Sick Leave,3
EMP029,Finance,Casual Leave,9
EMP029,Finance,Earned Leave,4
EMP029,Finance,Maternity Leave,2
EMP029,Finance,Earned Leave,1
EMP030,Marketing,Maternity Leave,10
EMP030,Marketing,Maternity Leave,10
EMP031,HR,Casual Leave,6
EMP031,HR,Earned Leave,4
EMP031,HR,Casual Leave,9
EMP031,HR,Maternity Leave,6
EMP031,HR,Casual Leave,1
EMP032,Finance,Sick Leave,4
EMP032,Finance,Sick Leave,5
EMP032,Finance,Maternity Leave,3
EMP032,Finance,Maternity Leave,8
EMP032,Finance,Earned Leave,4
EMP033,HR,Maternity Leave,10
EMP033,HR,Maternity Leave,4
EMP034,Finance,Earned Leave,6
EMP034,Finance,Sick Leave,6
EMP034,Finance,Sick Leave,3
EMP034,Finance,Casual Leave,6
EMP035,HR,Earned Leave,5
EMP035,HR,Sick Leave,6
EMP035,HR,Maternity Leave,1
EMP035,HR,Casual Leave,2
EMP036,Sales,Sick Leave,1
EMP036,Sales,Earned Leave,7
EMP037,Finance,Earned Leave,5
EMP037,Finance,Earned Leave,6
EMP038,Engineering,Earned Leave,10
EMP038,Engineering,Maternity Leave,10
EMP039,Operations,Casual Leave,10
EMP039,Operations,Sick Leave,3
EMP040,Engineering,Sick Leave,2
EMP041,Finance,Maternity Leave,9
EMP042,Marketing,Sick Leave,9
EMP042,Marketing,Maternity Leave,10
EMP042,Marketing,Maternity Leave,1
EMP043,Marketing,Maternity Leave,6
EMP044,Sales,Casual Leave,9
EMP044,Sales,Sick Leave,1
EMP044,Sales,Casual Leave,5
EMP045,Engineering,Earned Leave,6
EMP045,Engineering,Maternity Leave,3
EMP045,Engineering,Casual Leave,10
EMP045,Engineering,Maternity Leave,6
EMP045,Engineering,Sick Leave,7
EMP046,Engineering,Maternity Leave,3
EMP046,Engineering,Casual Leave,10
EMP047,Marketing,Maternity Leave,5
EMP047,Marketing,Maternity Leave,3
EMP047,Marketing,Maternity Leave,1
EMP048,Operations,Sick Leave,8
EMP048,Operations,Maternity Leave,2
EMP048,Operations,Maternity Leave,9
EMP048,Operations,Maternity Leave,10
EMP048,Operations,Maternity Leave,10
EMP049,Operations,Earned Leave,2
EMP049,Operations,Maternity Leave,10
EMP049,Operations,Earned Leave,8
EMP049,Operations,Earned Leave,8
EMP049,Operations,Earned Leave,3
EMP050,Finance,Earned Leave,5
EMP051,Finance,Maternity Leave,3
EMP051,Finance,Maternity Leave,6
EMP051,Finance,Sick Leave,9
EMP051,Finance,Sick Leave,4
EMP052,HR,Sick Leave,7
EMP052,HR,Maternity Leave,5
EMP052,HR,Maternity Leave,8
EMP053,Engineering,Sick Leave,10
EMP053,Engineering,Maternity Leave,2
EMP054,Finance,Earned Leave,9
EMP054,Finance,Earned Leave,3
EMP054,Finance,Maternity Leave,5
EMP054,Finance,Maternity Leave,4
EMP055,Sales,Earned Leave,6
EMP056,Finance,Casual Leave,4
EMP056,Finance,Maternity Leave,2
EMP057,Marketing,Sick Leave,10
EMP057,Marketing,Sick Leave,7
EMP057,Marketing,Maternity Leave,5
EMP057,Marketing,Earned Leave,10
EMP058,Operations,Casual Leave,8
EMP059,Operations,Maternity Leave,1
EMP059,Operations,Maternity Leave,10
EMP060,Finance,Casual Leave,4
EMP060,Finance,Earned Leave,10
EMP060,Finance,Earned Leave,4
EMP060,Finance,Earned Leave,9
EMP061,Sales,Earned Leave,4
EMP061,Sales,Casual Leave,1
EMP061,Sales,Maternity Leave,8
EMP061,Sales,Casual Leave,2
EMP062,Engineering,Sick Leave,3
EMP062,Engineering,Casual Leave,5
EMP063,Operations,Earned Leave,5
EMP063,Operations,Casual Leave,7
EMP064,Sales,Sick Leave,5
EMP064,Sales,Earned Leave,10
EMP065,HR,Earned Leave,8
EMP066,Marketing,Sick Leave,3
EMP066,Marketing,Maternity Leave,4
EMP066,Marketing,Maternity Leave,8
EMP067,Marketing,Earned Leave,5
EMP067,Marketing,Earned Leave,3
EMP067,Marketing,Earned Leave,8
EMP068,Operations,Maternity Leave,4
EMP068,Operations,Earned Leave,8
EMP068,Operations,Casual Leave,8
EMP068,Operations,Casual Leave,2
EMP069,Marketing,Maternity Leave,5
EMP069,Marketing,Earned Leave,5
EMP070,Sales,Maternity Leave,7
EMP070,Sales,Sick Leave,7
EMP070,Sales,Earned Leave,4
EMP070,Sales,Casual Leave,2
EMP071,Marketing,Sick Leave,9
EMP071,Marketing,Sick Leave,3
EMP071,Marketing,Maternity Leave,3
EMP071,Marketing,Earned Leave,4
EMP072,Engineering,Casual Leave,1
EMP072,Engineering,Casual Leave,4
EMP072,Engineering,Casual Leave,7
EMP073,Operations,Earned Leave,8
EMP073,Operations,Casual Leave,7
EMP073,Operations,Sick Leave,4
EMP074,Engineering,Casual Leave,3
EMP074,Engineering,Casual Leave,3
EMP075,HR,Maternity Leave,4
EMP075,HR,Sick Leave,10
EMP075,HR,Earned Leave,4
EMP076,Engineering,Sick Leave,4
EMP076,Engineering,Earned Leave,4
EMP076,Engineering,Sick Leave,5
EMP076,Engineering,Sick Leave,7
EMP076,Engineering,Sick Leave,1
EMP077,Operations,Earned Leave,2
EMP077,Operations,Sick Leave,2
EMP077,Operations,Sick Leave,7
EMP077,Operations,Maternity Leave,9
EMP077,Operations,Sick Leave,5
EMP078,Sales,Earned Leave,2
EMP078,Sales,Earned Leave,3
EMP079,Marketing,Sick Leave,4
EMP079,Marketing,Earned Leave,9
EMP079,Marketing,Casual Leave,7
EMP079,Marketing,Maternity Leave,5
EMP079,Marketing,Earned Leave,9
EMP080,Engineering,Casual Leave,5
EMP080,Engineering,Casual Leave,1
EMP080,Engineering,Sick Leave,9
EMP080,Engineering,Sick Leave,1
EMP081,Finance,Earned Leave,2
EMP081,Finance,Maternity Leave,9
EMP082,HR,Maternity Leave,9
EMP082,HR,Earned Leave,9
EMP082,HR,Maternity Leave,6
EMP082,HR,Sick Leave,7
EMP082,HR,Earned Leave,5
EMP083,Finance,Casual Leave,9
EMP083,Finance,Maternity Leave,2
EMP083,Finance,Sick Leave,9
EMP084,Finance,Sick Leave,3
EMP084,Finance,Casual Leave,1
EMP084,Finance,Casual Leave,6
EMP084,Finance,Casual Leave,3
EMP084,Finance,Earned Leave,1
EMP085,Sales,Earned Leave,2
EMP086,Engineering,Maternity Leave,9
EMP086,Engineering,Maternity Leave,4
EMP086,Engineering,Sick Leave,7
EMP086,Engineering,Maternity Leave,8
EMP086,Engineering,Earned Leave,2
EMP087,HR,Maternity Leave,1
EMP087,HR,Sick Leave,2
EMP088,Engineering,Sick Leave,3
EMP088,Engineering,Casual Leave,1
EMP088,Engineering,Sick Leave,1
EMP088,Engineering,Earned Leave,1
EMP088,Engineering,Sick Leave,3
EMP089,Sales,Maternity Leave,3
EMP089,Sales,Casual Leave,9
EMP090,Marketing,Maternity Leave,2
EMP090,Marketing,Maternity Leave,5
EMP091,Marketing,Sick Leave,8
EMP091,Marketing,Maternity Leave,2
EMP092,Finance,Earned Leave,5
EMP092,Finance,Earned Leave,3
EMP092,Finance,Casual Leave,2
EMP092,Finance,Casual Leave,5
EMP093,Marketing,Maternity Leave,3
EMP093,Marketing,Sick Leave,9
EMP093,Marketing,Earned Leave,3
EMP093,Marketing,Earned Leave,1
EMP093,Marketing,Casual Leave,7
EMP094,Engineering,Earned Leave,10
EMP094,Engineering,Casual Leave,2
EMP094,Engineering,Maternity Leave,4
EMP095,Operations,Maternity Leave,7
EMP095,Operations,Casual Leave,8
EMP096,Operations,Sick Leave,6
EMP096,Operations,Maternity Leave,6
EMP096,Operations,Maternity Leave,9
EMP096,Operations,Maternity Leave,4
EMP097,Operations,Earned Leave,10
EMP097,Operations,Casual Leave,9
EMP098,Operations,Earned Leave,1
EMP098,Operations,Earned Leave,8
EMP098,Operations,Sick Leave,10
EMP098,Operations,Sick Leave,3
EMP098,Operations,Sick Leave,8
EMP099,HR,Earned Leave,7
EMP099,HR,Sick Leave,7
EMP099,HR,Casual Leave,10
EMP100,Marketing,Maternity Leave,10
EMP100,Marketing,Sick Leave,3
EMP100,Marketing,Sick Leave,6
EMP100,Marketing,Maternity Leave,10
EMP100,Marketing,Sick Leave,4
EMP101,Engineering,Earned Leave,9
EMP101,Engineering,Earned Leave,3
EMP101,Engineering,Casual Leave,5
EMP102,Sales,Maternity Leave,6
EMP102,Sales,Sick Leave,10
EMP102,Sales,Sick Leave,1
EMP103,Finance,Earned Leave,4
EMP103,Finance,Earned Leave,9
EMP104,Finance,Earned Leave,5
EMP104,Finance,Casual Leave,8
EMP105,HR,Casual Leave,8
EMP106,Engineering,Maternity Leave,1
EMP106,Engineering,Casual Leave,4
EMP106,Engineering,Casual Leave,1
EMP106,Engineering,Maternity Leave,5
EMP107,HR,Casual Leave,9
EMP107,HR,Earned Leave,4
EMP107,HR,Earned Leave,5
EMP108,Engineering,Earned Leave,6
EMP108,Engineering,Earned Leave,5
EMP108,Engineering,Maternity Leave,7
EMP108,Engineering,Earned Leave,8
EMP109,Sales,Earned Leave,4
EMP109,Sales,Maternity Leave,7
EMP109,Sales,Casual Leave,9
EMP110,Sales,Casual Leave,7
EMP111,Operations,Casual Leave,6
EMP111,Operations,Maternity Leave,6
EMP112,HR,Maternity Leave,3
EMP112,HR,Earned Leave,5
EMP113,Marketing,Casual Leave,4
EMP113,Marketing,Earned Leave,4
EMP113,Marketing,Sick Leave,7
EMP113,Marketing,Casual Leave,6
EMP113,Marketing,Casual Leave,4
EMP114,Operations,Sick Leave,3
EMP114,Operations,Maternity Leave,1
EMP114,Operations,Maternity Leave,3
EMP115,Finance,Earned Leave,4
EMP115,Finance,Casual Leave,1
EMP115,Finance,Maternity Leave,8
EMP115,Finance,Maternity Leave,5
EMP116,Engineering,Sick Leave,3
EMP116,Engineering,Sick Leave,10
EMP116,Engineering,Sick Leave,10
EMP117,Sales,Earned Leave,5
EMP117,Sales,Earned Leave,5
EMP117,Sales,Casual Leave,2
EMP118,Finance,Sick Leave,4
EMP119,Sales,Earned Leave,8
EMP119,Sales,Sick Leave,1
EMP119,Sales,Maternity Leave,2
EMP119,Sales,Maternity Leave,4
EMP120,Engineering,Earned Leave,10
EMP120,Engineering,Casual Leave,7
EMP120,Engineering,Maternity Leave,4
EMP120,Engineering,Casual Leave,7
EMP120,Engineering,Casual Leave,10
EMP121,Operations,Casual Leave,5
EMP121,Operations,Earned Leave,5
EMP121,Operations,Maternity Leave,9
EMP122,Sales,Casual Leave,7
EMP122,Sales,Earned Leave,2
EMP123,HR,Sick Leave,9
EMP123,HR,Casual Leave,10
EMP123,HR,Maternity Leave,5
EMP123,HR,Maternity Leave,8
EMP124,HR,Earned Leave,8
EMP124,HR,Earned Leave,7
EMP124,HR,Casual Leave,8
EMP124,HR,Maternity Leave,1
EMP125,Engineering,Earned Leave,1
EMP125,Engineering,Casual Leave,10
EMP125,Engineering,Maternity Leave,5
EMP125,Engineering,Sick Leave,5
EMP126,HR,Earned Leave,7
EMP126,HR,Maternity Leave,2
EMP126,HR,Maternity Leave,2
EMP126,HR,Casual Leave,6
EMP127,Marketing,Sick Leave,3
EMP127,Marketing,Casual Leave,1
EMP127,Marketing,Sick Leave,4
EMP128,Operations,Earned Leave,3
EMP128,Operations,Maternity Leave,5
EMP128,Operations,Casual Leave,8
EMP129,Marketing,Sick Leave,10
EMP129,Marketing,Sick Leave,3
EMP130,Finance,Earned Leave,8
EMP130,Finance,Casual Leave,8
EMP130,Finance,Casual Leave,2
EMP130,Finance,Sick Leave,3
EMP131,Finance,Sick Leave,7
EMP131,Finance,Sick Leave,9
EMP131,Finance,Casual Leave,5
EMP132,Finance,Maternity Leave,10
EMP132,Finance,Sick Leave,4
EMP133,Finance,Maternity Leave,6
EMP133,Finance,Earned Leave,5
EMP133,Finance,Maternity Leave,9
EMP133,Finance,Earned Leave,7
EMP133,Finance,Maternity Leave,4
EMP134,Marketing,Maternity Leave,5
EMP134,Marketing,Maternity Leave,3
EMP134,Marketing,Casual Leave,3
EMP134,Marketing,Earned Leave,2
EMP134,Marketing,Maternity Leave,3
EMP135,Sales,Sick Leave,7
EMP135,Sales,Earned Leave,1
EMP135,Sales,Maternity Leave,4
EMP135,Sales,Casual Leave,3
EMP136,Sales,Casual Leave,10
EMP136,Sales,Maternity Leave,10
EMP137,Engineering,Casual Leave,4
EMP137,Engineering,Sick Leave,8
EMP138,Engineering,Earned Leave,9
EMP138,Engineering,Sick Leave,7
EMP138,Engineering,Earned Leave,1
EMP139,Operations,Maternity Leave,3
EMP139,Operations,Earned Leave,4
EMP139,Operations,Maternity Leave,10
EMP139,Operations,Casual Leave,5
EMP140,Operations,Casual Leave,6
EMP140,Operations,Sick Leave,1
EMP140,Operations,Casual Leave,7
EMP140,Operations,Maternity Leave,7
EMP141,Sales,Maternity Leave,2
EMP141,Sales,Maternity Leave,1
EMP141,Sales,Earned Leave,7
EMP142,Sales,Maternity Leave,2
EMP142,Sales,Casual Leave,4
EMP142,Sales,Sick Leave,6
EMP143,Engineering,Earned Leave,5
EMP143,Engineering,Earned Leave,4
EMP143,Engineering,Sick Leave,8
EMP143,Engineering,Casual Leave,9
EMP144,Sales,Earned Leave,8
EMP144,Sales,Casual Leave,1
EMP145,Sales,Sick Leave,6
EMP145,Sales,Maternity Leave,5
EMP145,Sales,Casual Leave,1
EMP145,Sales,Casual Leave,1
EMP145,Sales,Earned Leave,6
EMP146,Operations,Maternity Leave,6
EMP146,Operations,Sick Leave,5
EMP146,Operations,Earned Leave,9
EMP146,Operations,Sick Leave,7
EMP146,Operations,Casual Leave,10
EMP147,HR,Maternity Leave,1
EMP147,HR,Casual Leave,4
EMP147,HR,Casual Leave,2
EMP147,HR,Maternity Leave,6
EMP147,HR,Maternity Leave,7
EMP148,Sales,Sick Leave,2
EMP148,Sales,Maternity Leave,1
EMP148,Sales,Maternity Leave,10
EMP148,Sales,Sick Leave,9
EMP149,HR,Sick Leave,6
EMP149,HR,Maternity Leave,5
EMP149,HR,Casual Leave,3
EMP150,Marketing,Maternity Leave,10
EMP150,Marketing,Maternity Leave,2
EMP150,Marketing,Casual Leave,8
EMP150,Marketing,Maternity Leave,4
EMP151,HR,Casual Leave,7
EMP151,HR,Sick Leave,6
EMP151,HR,Sick Leave,1
EMP151,HR,Earned Leave,2
EMP151,HR,Maternity Leave,2
EMP152,Operations,Sick Leave,2
EMP152,Operations,Earned Leave,8
EMP152,Operations,Casual Leave,5
EMP152,Operations,Maternity Leave,8
EMP152,Operations,Maternity Leave,10
EMP153,Finance,Maternity Leave,8
EMP153,Finance,Earned Leave,6
EMP153,Finance,Earned Leave,2
EMP153,Finance,Sick Leave,6
EMP154,Sales,Sick Leave,2
EMP154,Sales,Sick Leave,2
EMP154,Sales,Sick Leave,4
EMP154,Sales,Earned Leave,3
EMP155,Marketing,Sick Leave,1
EMP155,Marketing,Earned Leave,5
EMP155,Marketing,Casual Leave,6
EMP155,Marketing,Maternity Leave,6
EMP156,Marketing,Earned Leave,3
EMP157,Operations,Earned Leave,10
EMP157,Operations,Maternity Leave,7
EMP157,Operations,Casual Leave,7
EMP157,Operations,Casual Leave,5
EMP157,Operations,Earned Leave,1
EMP158,Engineering,Maternity Leave,3
EMP158,Engineering,Maternity Leave,4
EMP158,Engineering,Sick Leave,8
EMP158,Engineering,Sick Leave,3
EMP159,Finance,Casual Leave,5
EMP160,Sales,Casual Leave,4
EMP160,Sales,Maternity Leave,3
EMP161,Operations,Earned Leave,9
EMP161,Operations,Earned Leave,3
EMP161,Operations,Maternity Leave,8
EMP162,Marketing,Casual Leave,8
EMP162,Marketing,Sick Leave,10
EMP163,Operations,Casual Leave,9
EMP163,Operations,Sick Leave,10
EMP163,Operations,Earned Leave,5
EMP164,Finance,Casual Leave,3
EMP164,Finance,Sick Leave,7
EMP164,Finance,Sick Leave,8
EMP164,Finance,Maternity Leave,10
EMP165,HR,Casual Leave,5
EMP165,HR,Earned Leave,7
EMP165,HR,Casual Leave,7
EMP166,Engineering,Earned Leave,8
EMP166,Engineering,Earned Leave,1
EMP166,Engineering,Maternity Leave,5
EMP166,Engineering,Sick Leave,9
EMP166,Engineering,Casual Leave,10
EMP167,Operations,Earned Leave,8
EMP167,Operations,Earned Leave,10
EMP167,Operations,Casual Leave,10
EMP167,Operations,Maternity Leave,9
EMP167,Operations,Earned Leave,10
EMP168,Operations,Maternity Leave,5
EMP168,Operations,Sick Leave,7
EMP168,Operations,Maternity Leave,9
EMP169,HR,Sick Leave,2
EMP169,HR,Maternity Leave,2
EMP169,HR,Earned Leave,2
EMP170,Finance,Earned Leave,10
EMP171,Marketing,Sick Leave,6
EMP171,Marketing,Sick Leave,2
EMP171,Marketing,Earned Leave,6
EMP171,Marketing,Maternity Leave,4
EMP171,Marketing,Maternity Leave,2
EMP172,HR,Maternity Leave,5
EMP172,HR,Sick Leave,7
EMP173,Finance,Earned Leave,9
EMP173,Finance,Casual Leave,3
EMP173,Finance,Sick Leave,9
EMP174,Finance,Maternity Leave,4
EMP175,Engineering,Maternity Leave,7
EMP175,Engineering,Casual Leave,6
EMP176,HR,Earned Leave,4
EMP176,HR,Sick Leave,7
EMP176,HR,Earned Leave,2
EMP176,HR,Maternity Leave,7
EMP176,HR,Earned Leave,2
EMP177,Sales,Maternity Leave,5
EMP177,Sales,Maternity Leave,5
EMP177,Sales,Earned Leave,9
EMP178,Sales,Casual Leave,5
EMP179,Finance,Maternity Leave,8
EMP180,Finance,Casual Leave,6
EMP180,Finance,Casual Leave,7
EMP180,Finance,Maternity Leave,1
EMP180,Finance,Sick Leave,10
EMP181,Marketing,Earned Leave,10
EMP181,Marketing,Earned Leave,6
EMP181,Marketing,Sick Leave,5
EMP181,Marketing,Earned Leave,1
EMP182,Engineering,Earned Leave,1
EMP182,Engineering,Sick Leave,8
EMP182,Engineering,Sick Leave,5
EMP182,Engineering,Earned Leave,2
EMP182,Engineering,Sick Leave,5
EMP183,Marketing,Maternity Leave,5
EMP183,Marketing,Sick Leave,9
EMP183,Marketing,Earned Leave,2
EMP184,Operations,Casual Leave,9
EMP184,Operations,Maternity Leave,4
EMP184,Operations,Earned Leave,2
EMP185,Sales,Maternity Leave,9
EMP185,Sales,Sick Leave,6
EMP186,Marketing,Sick Leave,6
EMP186,Marketing,Casual Leave,6
EMP187,HR,Earned Leave,7
EMP188,Operations,Maternity Leave,9
EMP188,Operations,Maternity Leave,9
EMP188,Operations,Maternity Leave,4
EMP189,HR,Maternity Leave,3
EMP190,Operations,Maternity Leave,7
EMP190,Operations,Casual Leave,4
EMP190,Operations,Sick Leave,2
EMP191,Finance,Sick Leave,4
EMP191,Finance,Maternity Leave,6
EMP192,Engineering,Maternity Leave,9
EMP192,Engineering,Sick Leave,2
EMP192,Engineering,Earned Leave,2
EMP192,Engineering,Earned Leave,6
EMP193,Finance,Sick Leave,9
EMP193,Finance,Sick Leave,2
EMP193,Finance,Earned Leave,3
EMP193,Finance,Casual Leave,10
EMP194,Sales,Casual Leave,10
EMP194,Sales,Sick Leave,2
EMP194,Sales,Casual Leave,10
EMP194,Sales,Earned Leave,2
EMP194,Sales,Sick Leave,4
EMP195,Engineering,Earned Leave,7
EMP195,Engineering,Earned Leave,9
EMP195,Engineering,Earned Leave,4
EMP195,Engineering,Sick Leave,3
EMP196,Finance,Maternity Leave,8
EMP196,Finance,Casual Leave,5
EMP196,Finance,Casual Leave,6
EMP197,Engineering,Earned Leave,9
EMP198,Sales,Earned Leave,5
EMP198,Sales,Casual Leave,2
EMP199,Marketing,Maternity Leave,5
EMP199,Marketing,Sick Leave,6
EMP199,Marketing,Earned Leave,3
EMP200,Marketing,Sick Leave,6
EMP200,Marketing,Casual Leave,1
EMP200,Marketing,Casual Leave,10
EMP201,Marketing,Maternity Leave,4
EMP202,Marketing,Casual Leave,8
EMP202,Marketing,Casual Leave,6
EMP203,Sales,Sick Leave,1
EMP203,Sales,Earned Leave,6
EMP204,Engineering,Casual Leave,1
EMP204,Engineering,Earned Leave,10
EMP204,Engineering,Casual Leave,4
EMP205,HR,Casual Leave,6
EMP205,HR,Earned Leave,9
EMP205,HR,Sick Leave,8
EMP205,HR,Maternity Leave,6
EMP206,HR,Earned Leave,7
EMP207,Marketing,Maternity Leave,6
EMP207,Marketing,Earned Leave,7
EMP208,Finance,Earned Leave,10
EMP209,Operations,Maternity Leave,2
EMP209,Operations,Maternity Leave,6
EMP209,Operations,Sick Leave,5
EMP209,Operations,Sick Leave,2
EMP210,Engineering,Sick Leave,4
EMP210,Engineering,Casual Leave,8
EMP210,Engineering,Earned Leave,4
EMP210,Engineering,Casual Leave,1
EMP210,Engineering,Casual Leave,8
EMP211,HR,Earned Leave,5
EMP211,HR,Casual Leave,6
EMP212,Marketing,Earned Leave,8
EMP213,Finance,Earned Leave,5
EMP213,Finance,Earned Leave,6
EMP214,Marketing,Earned Leave,7
EMP214,Marketing,Earned Leave,9
EMP214,Marketing,Earned Leave,2
EMP214,Marketing,Casual Leave,6
EMP215,Marketing,Maternity Leave,2
EMP215,Marketing,Earned Leave,7
EMP215,Marketing,Earned Leave,9
EMP215,Marketing,Casual Leave,3
EMP216,Sales,Sick Leave,9
EMP216,Sales,Casual Leave,8
EMP217,Engineering,Sick Leave,7
EMP217,Engineering,Casual Leave,10
EMP217,Engineering,Maternity Leave,3
EMP218,HR,Sick Leave,9
EMP218,HR,Sick Leave,1
EMP218,HR,Earned Leave,6
EMP219,Engineering,Casual Leave,7
EMP219,Engineering,Maternity Leave,9
EMP220,Operations,Casual Leave,3
EMP220,Operations,Maternity Leave,4
EMP220,Operations,Maternity Leave,8
EMP221,HR,Maternity Leave,1
EMP221,HR,Sick Leave,6
EMP221,HR,Casual Leave,9
EMP221,HR,Maternity Leave,5
EMP222,Sales,Sick Leave,6
EMP222,Sales,Sick Leave,5
EMP222,Sales,Maternity Leave,5
EMP222,Sales,Maternity Leave,8
EMP222,Sales,Casual Leave,9
EMP223,Sales,Earned Leave,10
EMP224,Sales,Earned Leave,4
EMP224,Sales,Earned Leave,7
EMP225,Operations,Earned Leave,7
EMP226,Engineering,Maternity Leave,1
EMP226,Engineering,Casual Leave,10
EMP226,Engineering,Earned Leave,9
EMP226,Engineering,Maternity Leave,6
EMP226,Engineering,Earned Leave,10
EMP227,Sales,Maternity Leave,2
EMP227,Sales,Earned Leave,7
EMP227,Sales,Casual Leave,8
EMP227,Sales,Casual Leave,7
EMP227,Sales,Maternity Leave,9
EMP228,Operations,Earned Leave,5
EMP228,Operations,Sick Leave,8
EMP228,Operations,Casual Leave,9
EMP228,Operations,Casual Leave,8
EMP229,HR,Maternity Leave,5
EMP230,HR,Earned Leave,6
EMP230,HR,Maternity Leave,3
EMP230,HR,Sick Leave,1
EMP230,HR,Maternity Leave,3
EMP230,HR,Casual Leave,10
EMP231,Finance,Sick Leave,6
EMP231,Finance,Sick Leave,5
EMP232,HR,Earned Leave,1
EMP232,HR,Earned Leave,9
EMP232,HR,Maternity Leave,1
EMP232,HR,Maternity Leave,2
EMP232,HR,Sick Leave,10
EMP233,Sales,Earned Leave,8
EMP233,Sales,Maternity Leave,1
EMP233,Sales,Casual Leave,4
EMP234,Marketing,Casual Leave,3
EMP235,Engineering,Maternity Leave,4
EMP235,Engineering,Maternity Leave,6
EMP235,Engineering,Casual Leave,8
EMP235,Engineering,Casual Leave,3
EMP236,Operations,Sick Leave,4
EMP236,Operations,Maternity Leave,5
EMP236,Operations,Casual Leave,10
EMP237,Operations,Sick Leave,5
EMP238,HR,Earned Leave,5
EMP238,HR,Earned Leave,2
EMP238,HR,Earned Leave,6
EMP238,HR,Maternity Leave,10
EMP238,HR,Earned Leave,7
EMP239,Finance,Sick Leave,10
EMP239,Finance,Casual Leave,10
EMP239,Finance,Maternity Leave,2
EMP239,Finance,Maternity Leave,10
EMP239,Finance,Casual Leave,4
EMP240,Sales,Casual Leave,5
EMP240,Sales,Sick Leave,8
EMP240,Sales,Earned Leave,6
EMP241,Operations,Maternity Leave,7
EMP242,HR,Sick Leave,2
EMP242,HR,Casual Leave,8
EMP242,HR,Sick Leave,1
EMP242,HR,Sick Leave,4
EMP242,HR,Maternity Leave,10
EMP243,Operations,Casual Leave,3
EMP243,Operations,Earned Leave,6
EMP243,Operations,Casual Leave,10
EMP243,Operations,Sick Leave,1
EMP244,Sales,Earned Leave,3
EMP244,Sales,Earned Leave,2
EMP245,HR,Sick Leave,9
EMP246,Sales,Sick Leave,8
EMP246,Sales,Maternity Leave,10
EMP246,Sales,Earned Leave,10
EMP247,Marketing,Earned Leave,8
EMP247,Marketing,Earned Leave,5
EMP247,Marketing,Casual Leave,7
EMP247,Marketing,Maternity Leave,4
EMP247,Marketing,Sick Leave,9
EMP248,Marketing,Sick Leave,10
EMP248,Marketing,Sick Leave,1
EMP249,HR,Maternity Leave,6
EMP249,HR,Earned Leave,2
EMP249,HR,Maternity Leave,3
EMP249,HR,Maternity Leave,3
EMP249,HR,Sick Leave,5
EMP250,Finance,Earned Leave,9
EMP250,Finance,Earned Leave,1
EMP250,Finance,Earned Leave,4
EMP251,Finance,Sick Leave,2
EMP251,Finance,Casual Leave,10
EMP251,Finance,Sick Leave,9
EMP251,Finance,Earned Leave,5
EMP251,Finance,Earned Leave,9
EMP252,Sales,Casual Leave,3
EMP253,Finance,Maternity Leave,5
EMP253,Finance,Casual Leave,10
EMP254,Finance,Casual Leave,3
EMP254,Finance,Sick Leave,4
EMP254,Finance,Maternity Leave,4
EMP255,Marketing,Sick Leave,9
EMP256,Engineering,Earned Leave,5
EMP256,Engineering,Earned Leave,1
EMP256,Engineering,Casual Leave,3
EMP257,Operations,Maternity Leave,8
EMP257,Operations,Earned Leave,4
EMP257,Operations,Earned Leave,2
EMP258,HR,Maternity Leave,5
EMP258,HR,Maternity Leave,7
EMP259,Operations,Sick Leave,6
EMP259,Operations,Earned Leave,7
EMP259,Operations,Earned Leave,3
EMP259,Operations,Casual Leave,7
EMP260,Engineering,Earned Leave,1
EMP260,Engineering,Casual Leave,1
EMP260,Engineering,Maternity Leave,2
EMP260,Engineering,Earned Leave,7
EMP260,Engineering,Sick Leave,2
EMP261,HR,Casual Leave,5
EMP261,HR,Maternity Leave,2
EMP261,HR,Sick Leave,7
EMP261,HR,Casual Leave,10
EMP262,Sales,Maternity Leave,5
EMP262,Sales,Casual Leave,1
EMP262,Sales,Maternity Leave,3
EMP262,Sales,Sick Leave,7
EMP262,Sales,Maternity Leave,7
EMP263,Sales,Earned Leave,1
EMP264,Finance,Sick Leave,10
EMP264,Finance,Casual Leave,3
EMP264,Finance,Maternity Leave,8
EMP265,Engineering,Maternity Leave,7
EMP265,Engineering,Maternity Leave,3
EMP265,Engineering,Maternity Leave,5
EMP265,Engineering,Sick Leave,10
EMP265,Engineering,Sick Leave,9
EMP266,Engineering,Casual Leave,5
EMP266,Engineering,Earned Leave,1
EMP266,Engineering,Sick Leave,2
EMP266,Engineering,Sick Leave,1
EMP266,Engineering,Sick Leave,5
EMP267,Engineering,Earned Leave,8
EMP267,Engineering,Earned Leave,8
EMP267,Engineering,Earned Leave,5
EMP267,Engineering,Earned Leave,9
EMP268,Finance,Sick Leave,7
EMP268,Finance,Casual Leave,9
EMP268,Finance,Casual Leave,5
EMP268,Finance,Earned Leave,6
EMP269,Finance,Earned Leave,9
EMP269,Finance,Sick Leave,7
EMP269,Finance,Earned Leave,4
EMP269,Finance,Sick Leave,5
EMP270,Sales,Earned Leave,3
EMP270,Sales,Maternity Leave,4
EMP270,Sales,Sick Leave,6
EMP270,Sales,Maternity Leave,8
EMP271,Sales,Maternity Leave,5
EMP271,Sales,Maternity Leave,1
EMP271,Sales,Sick Leave,4
EMP272,Operations,Sick Leave,7
EMP272,Operations,Sick Leave,5
EMP273,Marketing,Maternity Leave,5
EMP273,Marketing,Sick Leave,3
EMP273,Marketing,Earned Leave,9
EMP273,Marketing,Casual Leave,3
EMP273,Marketing,Casual Leave,6
EMP274,Engineering,Earned Leave,5
EMP274,Engineering,Sick Leave,9
EMP275,Finance,Casual Leave,3
EMP275,Finance,Sick Leave,5
EMP275,Finance,Sick Leave,7
EMP275,Finance,Sick Leave,10
EMP276,Finance,Casual Leave,4
EMP276,Finance,Earned Leave,3
EMP276,Finance,Sick Leave,6
EMP277,Finance,Maternity Leave,10
EMP277,Finance,Maternity Leave,7
EMP277,Finance,Maternity Leave,9
EMP278,Finance,Earned Leave,5
EMP278,Finance,Maternity Leave,8
EMP278,Finance,Sick Leave,8
EMP278,Finance,Maternity Leave,5
EMP279,Engineering,Earned Leave,7
EMP279,Engineering,Maternity Leave,9
EMP279,Engineering,Sick Leave,5
EMP280,HR,Casual Leave,6
EMP280,HR,Earned Leave,4
EMP280,HR,Maternity Leave,5
EMP281,Marketing,Casual Leave,1
EMP281,Marketing,Maternity Leave,2
EMP281,Marketing,Sick Leave,2
EMP281,Marketing,Maternity Leave,3
EMP281,Marketing,Maternity Leave,3
EMP282,HR,Earned Leave,6
EMP282,HR,Casual Leave,9
EMP282,HR,Earned Leave,6
EMP282,HR,Maternity Leave,3
EMP283,Marketing,Earned Leave,5
EMP283,Marketing,Maternity Leave,9
EMP283,Marketing,Sick Leave,2
EMP283,Marketing,Casual Leave,10
EMP283,Marketing,Maternity Leave,9
EMP284,Marketing,Casual Leave,4
EMP284,Marketing,Earned Leave,7
EMP284,Marketing,Sick Leave,8
EMP284,Marketing,Casual Leave,7
EMP285,Engineering,Sick Leave,9
EMP285,Engineering,Sick Leave,5
EMP286,Finance,Earned Leave,9
EMP286,Finance,Earned Leave,9
EMP286,Finance,Sick Leave,10
EMP286,Finance,Earned Leave,8
EMP286,Finance,Earned Leave,6
EMP287,Operations,Casual Leave,3
EMP288,HR,Maternity Leave,5
EMP288,HR,Casual Leave,1
EMP288,HR,Casual Leave,2
EMP289,Operations,Maternity Leave,9
EMP289,Operations,Maternity Leave,7
EMP289,Operations,Maternity Leave,6
EMP289,Operations,Earned Leave,6
EMP289,Operations,Maternity Leave,1
EMP290,Engineering,Sick Leave,4
EMP291,HR,Sick Leave,6
EMP291,HR,Casual Leave,4
EMP291,HR,Maternity Leave,6
EMP292,Sales,Earned Leave,7
EMP292,Sales,Maternity Leave,1
EMP293,Engineering,Casual Leave,1
EMP293,Engineering,Maternity Leave,3
EMP294,HR,Sick Leave,10
EMP294,HR,Sick Leave,2
EMP294,HR,Earned Leave,10
EMP294,HR,Casual Leave,2
EMP294,HR,Casual Leave,5
EMP295,Marketing,Maternity Leave,7
EMP295,Marketing,Casual Leave,8
EMP296,Engineering,Maternity Leave,7
EMP296,Engineering,Casual Leave,7
EMP296,Engineering,Casual Leave,6
EMP296,Engineering,Earned Leave,5
EMP296,Engineering,Maternity Leave,7
EMP297,Marketing,Maternity Leave,8
EMP298,Sales,Earned Leave,2
EMP298,Sales,Sick Leave,1
EMP298,Sales,Maternity Leave,5
EMP298,Sales,Casual Leave,1
EMP298,Sales,Maternity Leave,10
EMP299,Sales,Sick Leave,1
EMP299,Sales,Casual Leave,8
EMP299,Sales,Earned Leave,5
EMP299,Sales,Sick Leave,2
EMP300,Marketing,Casual Leave,10
EMP300,Marketing,Sick Leave,1
EMP300,Marketing,Maternity Leave,4
EMP300,Marketing,Casual Leave,9
EMP300,Marketing,Maternity Leave,3
EMP301,Engineering,Earned Leave,7
EMP301,Engineering,Maternity Leave,10
EMP301,Engineering,Maternity Leave,4
EMP301,Engineering,Casual Leave,2
EMP301,Engineering,Earned Leave,8
EMP302,Engineering,Maternity Leave,1
EMP303,HR,Casual Leave,6
EMP303,HR,Sick Leave,8
EMP304,Operations,Sick Leave,10
EMP305,HR,Earned Leave,6
EMP306,Marketing,Sick Leave,1
EMP306,Marketing,Earned Leave,10
EMP307,HR,Sick Leave,7
EMP308,Sales,Sick Leave,7
EMP308,Sales,Casual Leave,4
EMP308,Sales,Sick Leave,5
EMP309,HR,Earned Leave,2
EMP309,HR,Earned Leave,8
EMP309,HR,Casual Leave,9
EMP309,HR,Casual Leave,2
EMP310,Finance,Casual Leave,3
EMP310,Finance,Casual Leave,7
EMP310,Finance,Sick Leave,5
EMP310,Finance,Casual Leave,1
EMP311,Marketing,Maternity Leave,10
EMP311,Marketing,Casual Leave,4
EMP312,HR,Maternity Leave,3
EMP313,Operations,Earned Leave,4
EMP313,Operations,Maternity Leave,10
EMP313,Operations,Casual Leave,6
EMP313,Operations,Earned Leave,7
EMP314,Marketing,Maternity Leave,8
EMP314,Marketing,Earned Leave,8
EMP314,Marketing,Casual Leave,6
EMP314,Marketing,Maternity Leave,4
EMP314,Marketing,Maternity Leave,9
EMP315,Engineering,Sick Leave,4
EMP315,Engineering,Casual Leave,3
EMP316,Engineering,Maternity Leave,2
EMP316,Engineering,Sick Leave,1
EMP316,Engineering,Maternity Leave,5
EMP316,Engineering,Sick Leave,6
EMP316,Engineering,Casual Leave,8
EMP317,Sales,Earned Leave,5
EMP317,Sales,Casual Leave,2
EMP317,Sales,Sick Leave,4
EMP317,Sales,Earned Leave,2
EMP318,Marketing,Maternity Leave,8
EMP318,Marketing,Sick Leave,9
EMP319,Operations,Casual Leave,3
EMP319,Operations,Earned Leave,10
EMP320,Operations,Sick Leave,7
EMP320,Operations,Sick Leave,9
EMP320,Operations,Maternity Leave,4
EMP320,Operations,Earned Leave,8
EMP320,Operations,Earned Leave,10
EMP321,Sales,Casual Leave,4
EMP322,Operations,Casual Leave,8
EMP322,Operations,Sick Leave,9
EMP322,Operations,Casual Leave,2
EMP323,HR,Casual Leave,8
EMP323,HR,Sick Leave,2
EMP323,HR,Casual Leave,3
EMP323,HR,Maternity Leave,4
EMP324,Sales,Earned Leave,7
EMP325,Finance,Earned Leave,4
EMP325,Finance,Maternity Leave,1
EMP325,Finance,Casual Leave,3
EMP326,Engineering,Casual Leave,9
EMP326,Engineering,Sick Leave,8
EMP326,Engineering,Casual Leave,9
EMP327,HR,Maternity Leave,8
EMP327,HR,Earned Leave,10
EMP327,HR,Sick Leave,7
EMP327,HR,Maternity Leave,8
EMP327,HR,Maternity Leave,2
EMP328,Operations,Maternity Leave,4
EMP328,Operations,Casual Leave,3
EMP329,HR,Casual Leave,1
EMP330,Engineering,Maternity Leave,8
EMP330,Engineering,Maternity Leave,6
EMP330,Engineering,Earned Leave,6
EMP330,Engineering,Earned Leave,4
EMP330,Engineering,Maternity Leave,10
EMP331,HR,Earned Leave,4
EMP331,HR,Casual Leave,6
EMP332,Marketing,Earned Leave,4
EMP332,Marketing,Maternity Leave,10
EMP332,Marketing,Casual Leave,5
EMP333,HR,Casual Leave,1
EMP333,HR,Earned Leave,6
EMP333,HR,Earned Leave,7
EMP333,HR,Maternity Leave,6
EMP333,HR,Earned Leave,4
EMP334,Finance,Casual Leave,10
EMP334,Finance,Casual Leave,4
EMP334,Finance,Earned Leave,4
EMP334,Finance,Casual Leave,9
EMP334,Finance,Maternity Leave,3
EMP335,Operations,Maternity Leave,2
EMP335,Operations,Earned Leave,10
EMP336,Marketing,Sick Leave,1
EMP336,Marketing,Sick Leave,6
EMP336,Marketing,Earned Leave,8
EMP337,HR,Earned Leave,3
EMP337,HR,Sick Leave,6
EMP338,Marketing,Maternity Leave,6
EMP338,Marketing,Maternity Leave,4
EMP338,Marketing,Casual Leave,9
EMP338,Marketing,Earned Leave,9
EMP338,Marketing,Casual Leave,4
EMP339,Engineering,Maternity Leave,9
EMP339,Engineering,Earned Leave,9
EMP339,Engineering,Earned Leave,4
EMP339,Engineering,Sick Leave,9
EMP340,Marketing,Earned Leave,9
EMP341,Engineering,Maternity Leave,7
EMP342,Marketing,Casual Leave,3
EMP342,Marketing,Sick Leave,3
EMP342,Marketing,Earned Leave,6
EMP342,Marketing,Maternity Leave,7
EMP343,Finance,Earned Leave,2
EMP344,HR,Earned Leave,7
EMP344,HR,Sick Leave,1
EMP344,HR,Casual Leave,8
EMP344,HR,Sick Leave,9
EMP344,HR,Earned Leave,1
EMP345,Engineering,Earned Leave,4
EMP346,Operations,Casual Leave,8
EMP346,Operations,Earned Leave,8
EMP347,Operations,Casual Leave,5
EMP347,Operations,Earned Leave,6
EMP347,Operations,Casual Leave,2
EMP347,Operations,Casual Leave,7
EMP348,Sales,Maternity Leave,8
EMP348,Sales,Maternity Leave,10
EMP348,Sales,Earned Leave,2
EMP348,Sales,Casual Leave,5
EMP348,Sales,Sick Leave,8
EMP349,Engineering,Casual Leave,3
EMP349,Engineering,Maternity Leave,9
EMP349,Engineering,Casual Leave,8
EMP350,Engineering,Maternity Leave,3
EMP350,Engineering,Earned Leave,3
EMP350,Engineering,Maternity Leave,1
EMP350,Engineering,Casual Leave,10
EMP350,Engineering,Sick Leave,9
EMP351,Operations,Maternity Leave,6
EMP351,Operations,Sick Leave,9
EMP351,Operations,Casual Leave,9
EMP351,Operations,Earned Leave,2
EMP352,Engineering,Earned Leave,6
EMP352,Engineering,Earned Leave,8
EMP352,Engineering,Earned Leave,4
EMP352,Engineering,Earned Leave,4
EMP353,Operations,Casual Leave,6
EMP353,Operations,Maternity Leave,1
EMP353,Operations,Earned Leave,4
EMP353,Operations,Earned Leave,7
EMP354,HR,Casual Leave,1
EMP354,HR,Sick Leave,10
EMP354,HR,Casual Leave,8
EMP354,HR,Sick Leave,7
EMP354,HR,Earned Leave,8
EMP355,Marketing,Maternity Leave,6
EMP355,Marketing,Casual Leave,8
EMP356,Sales,Sick Leave,1
EMP357,Sales,Sick Leave,9
EMP357,Sales,Casual Leave,8
EMP358,Engineering,Maternity Leave,2
EMP358,Engineering,Maternity Leave,3
EMP358,Engineering,Maternity Leave,9
EMP358,Engineering,Earned Leave,10
EMP358,Engineering,Casual Leave,5
EMP359,Finance,Casual Leave,8
EMP359,Finance,Sick Leave,8
EMP359,Finance,Sick Leave,1
EMP359,Finance,Earned Leave,6
EMP360,Marketing,Maternity Leave,6
EMP360,Marketing,Earned Leave,10
EMP360,Marketing,Sick Leave,8
EMP360,Marketing,Earned Leave,2
EMP361,Operations,Earned Leave,1
EMP361,Operations,Sick Leave,7
EMP361,Operations,Casual Leave,9
EMP361,Operations,Sick Leave,7
EMP361,Operations,Maternity Leave,2
EMP362,Sales,Earned Leave,9
EMP362,Sales,Sick Leave,1
EMP363,Finance,Sick Leave,10
EMP363,Finance,Casual Leave,5
EMP364,Finance,Earned Leave,6
EMP365,HR,Casual Leave,10
EMP365,HR,Casual Leave,3
EMP366,Engineering,Casual Leave,7
EMP366,Engineering,Sick Leave,9
EMP366,Engineering,Earned Leave,10
EMP367,Operations,Sick Leave,3
EMP367,Operations,Maternity Leave,5
EMP367,Operations,Sick Leave,4
EMP367,Operations,Sick Leave,1
EMP367,Operations,Maternity Leave,6
EMP368,HR,Casual Leave,5
EMP369,Marketing,Maternity Leave,9
EMP369,Marketing,Maternity Leave,3
EMP369,Marketing,Maternity Leave,5
EMP369,Marketing,Casual Leave,8
EMP370,Finance,Casual Leave,10
EMP370,Finance,Sick Leave,6
EMP370,Finance,Sick Leave,7
EMP371,Engineering,Maternity Leave,2
EMP371,Engineering,Earned Leave,4
EMP372,Sales,Earned Leave,10
EMP373,Engineering,Sick Leave,8
EMP374,Engineering,Casual Leave,4
EMP375,Engineering,Earned Leave,4
EMP375,Engineering,Casual Leave,1
EMP376,Sales,Maternity Leave,7
EMP376,Sales,Sick Leave,1
EMP376,Sales,Maternity Leave,3
EMP377,HR,Casual Leave,7
EMP377,HR,Earned Leave,9
EMP377,HR,Maternity Leave,8
EMP377,HR,Sick Leave,3
EMP377,HR,Casual Leave,5
EMP378,Operations,Maternity Leave,6
EMP378,Operations,Maternity Leave,5
EMP378,Operations,Sick Leave,7
EMP378,Operations,Maternity Leave,4
EMP378,Operations,Sick Leave,5
EMP379,Sales,Sick Leave,3
EMP379,Sales,Casual Leave,9
EMP380,HR,Sick Leave,4
EMP380,HR,Earned Leave,9
EMP380,HR,Casual Leave,4
EMP380,HR,Maternity Leave,8
EMP381,Engineering,Earned Leave,5
EMP381,Engineering,Maternity Leave,6
EMP381,Engineering,Casual Leave,9
EMP381,Engineering,Earned Leave,3
EMP382,Operations,Earned Leave,4
EMP382,Operations,Sick Leave,2
EMP383,Marketing,Casual Leave,7
EMP383,Marketing,Maternity Leave,10
EMP383,Marketing,Casual Leave,5
EMP383,Marketing,Earned Leave,5
EMP383,Marketing,Maternity Leave,9
EMP384,Finance,Sick Leave,8
EMP384,Finance,Casual Leave,10
EMP385,Sales,Maternity Leave,9
EMP385,Sales,Earned Leave,3
EMP386,Sales,Casual Leave,6
EMP386,Sales,Earned Leave,9
EMP386,Sales,Maternity Leave,8
EMP386,Sales,Casual Leave,6
EMP387,HR,Casual Leave,4
EMP387,HR,Casual Leave,8
EMP388,HR,Casual Leave,7
EMP388,HR,Earned Leave,7
EMP388,HR,Earned Leave,4
EMP388,HR,Casual Leave,1
EMP389,Engineering,Maternity Leave,6
EMP389,Engineering,Sick Leave,10
EMP389,Engineering,Earned Leave,1
EMP389,Engineering,Sick Leave,1
EMP390,Marketing,Sick Leave,10
EMP390,Marketing,Maternity Leave,6
EMP390,Marketing,Sick Leave,4
EMP390,Marketing,Sick Leave,2
EMP391,HR,Sick Leave,6
EMP391,HR,Maternity Leave,1
EMP392,Marketing,Maternity Leave,3
EMP393,Marketing,Sick Leave,6
EMP393,Marketing,Earned Leave,2
EMP393,Marketing,Maternity Leave,5
EMP394,Finance,Sick Leave,10
EMP394,Finance,Sick Leave,10
EMP394,Finance,Casual Leave,1
EMP394,Finance,Casual Leave,10
EMP395,Engineering,Earned Leave,5
EMP396,Marketing,Earned Leave,4
EMP396,Marketing,Maternity Leave,2
EMP396,Marketing,Sick Leave,4
EMP397,HR,Sick Leave,8
EMP397,HR,Sick Leave,10
EMP398,Engineering,Casual Leave,8
EMP399,Finance,Maternity Leave,1
EMP399,Finance,Earned Leave,8
EMP399,Finance,Sick Leave,10
EMP399,Finance,Maternity Leave,4
EMP400,Finance,Sick Leave,9
EMP400,Finance,Maternity Leave,10
EMP401,Marketing,Casual Leave,9
EMP401,Marketing,Maternity Leave,4
EMP401,Marketing,Sick Leave,2
EMP401,Marketing,Earned Leave,5
EMP402,Finance,Maternity Leave,2
EMP402,Finance,Maternity Leave,4
EMP402,Finance,Earned Leave,10
EMP403,Sales,Casual Leave,6
EMP403,Sales,Earned Leave,7
EMP404,Marketing,Sick Leave,7
EMP404,Marketing,Maternity Leave,6
EMP404,Marketing,Sick Leave,5
EMP404,Marketing,Maternity Leave,9
EMP404,Marketing,Earned Leave,6
EMP405,Sales,Earned Leave,1
EMP406,Sales,Casual Leave,8
EMP406,Sales,Sick Leave,7
EMP406,Sales,Earned Leave,6
EMP406,Sales,Sick Leave,1
EMP407,Finance,Sick Leave,1
EMP407,Finance,Earned Leave,6
EMP408,Marketing,Earned Leave,10
EMP408,Marketing,Earned Leave,2
EMP409,Operations,Casual Leave,7
EMP409,Operations,Earned Leave,2
EMP409,Operations,Earned Leave,7
EMP409,Operations,Earned Leave,1
EMP409,Operations,Earned Leave,8
EMP410,Finance,Earned Leave,4
EMP410,Finance,Earned Leave,1
EMP410,Finance,Sick Leave,6
EMP410,Finance,Earned Leave,7
EMP411,Engineering,Maternity Leave,2
EMP411,Engineering,Maternity Leave,9
EMP412,Operations,Casual Leave,1
EMP412,Operations,Sick Leave,4
EMP412,Operations,Sick Leave,4
EMP412,Operations,Casual Leave,9
EMP412,Operations,Maternity Leave,7
EMP413,Finance,Casual Leave,3
EMP413,Finance,Earned Leave,9
EMP413,Finance,Casual Leave,6
EMP413,Finance,Casual Leave,8
EMP413,Finance,Casual Leave,8
EMP414,Engineering,Casual Leave,9
EMP414,Engineering,Maternity Leave,8
EMP414,Engineering,Sick Leave,3
EMP414,Engineering,Maternity Leave,9
EMP415,Sales,Sick Leave,7
EMP415,Sales,Casual Leave,5
EMP416,Finance,Earned Leave,9
EMP416,Finance,Casual Leave,9
EMP417,Operations,Maternity Leave,9
EMP417,Operations,Maternity Leave,3
EMP417,Operations,Sick Leave,1
EMP417,Operations,Earned Leave,10
EMP417,Operations,Maternity Leave,4
EMP418,Marketing,Casual Leave,4
EMP419,Sales,Casual Leave,9
EMP420,Operations,Casual Leave,2
EMP420,Operations,Casual Leave,9
EMP420,Operations,Earned Leave,9
EMP420,Operations,Earned Leave,7
EMP421,Finance,Earned Leave,5
EMP421,Finance,Casual Leave,4
EMP421,Finance,Casual Leave,2
EMP422,Sales,Earned Leave,6
EMP423,Finance,Casual Leave,9
EMP423,Finance,Earned Leave,3
EMP423,Finance,Casual Leave,10
EMP423,Finance,Maternity Leave,7
EMP424,Sales,Casual Leave,6
EMP424,Sales,Sick Leave,10
EMP425,Operations,Earned Leave,3
EMP426,HR,Maternity Leave,1
EMP426,HR,Maternity Leave,1
EMP427,Sales,Earned Leave,7
EMP427,Sales,Maternity Leave,9
EMP428,Marketing,Sick Leave,8
EMP428,Marketing,Sick Leave,6
EMP428,Marketing,Maternity Leave,3
EMP428,Marketing,Earned Leave,3
EMP428,Marketing,Earned Leave,9
EMP429,Marketing,Casual Leave,7
EMP429,Marketing,Sick Leave,5
EMP429,Marketing,Earned Leave,10
EMP429,Marketing,Earned Leave,7
EMP430,HR,Maternity Leave,1
EMP430,HR,Maternity Leave,3
EMP430,HR,Maternity Leave,5
EMP430,HR,Earned Leave,6
EMP430,HR,Maternity Leave,8
EMP431,Finance,Sick Leave,9
EMP431,Finance,Earned Leave,10
EMP431,Finance,Maternity Leave,1
EMP432,HR,Earned Leave,9
EMP432,HR,Sick Leave,5
EMP433,Operations,Sick Leave,1
EMP433,Operations,Maternity Leave,1
EMP433,Operations,Earned Leave,2
EMP434,Engineering,Casual Leave,5
EMP434,Engineering,Maternity Leave,8
EMP434,Engineering,Maternity Leave,6
EMP435,Finance,Earned Leave,7
EMP436,Finance,Sick Leave,5
EMP436,Finance,Maternity Leave,5
EMP436,Finance,Earned Leave,2
EMP436,Finance,Earned Leave,2
EMP436,Finance,Casual Leave,7
EMP437,Engineering,Sick Leave,5
EMP438,Marketing,Casual Leave,5
EMP438,Marketing,Casual Leave,9
EMP438,Marketing,Casual Leave,9
EMP439,Engineering,Sick Leave,6
EMP439,Engineering,Maternity Leave,6
EMP439,Engineering,Earned Leave,5
EMP439,Engineering,Maternity Leave,9
EMP439,Engineering,Maternity Leave,4
EMP440,HR,Maternity Leave,8
EMP441,Marketing,Maternity Leave,8
EMP441,Marketing,Earned Leave,10
EMP441,Marketing,Casual Leave,1
EMP441,Marketing,Casual Leave,1
EMP441,Marketing,Casual Leave,1
EMP442,Operations,Earned Leave,7
EMP443,Marketing,Casual Leave,8
EMP443,Marketing,Maternity Leave,10
EMP444,HR,Casual Leave,4
EMP444,HR,Sick Leave,6
EMP445,Engineering,Maternity Leave,4
EMP445,Engineering,Sick Leave,4
EMP445,Engineering,Sick Leave,9
EMP445,Engineering,Earned Leave,2
EMP446,Marketing,Casual Leave,3
EMP446,Marketing,Casual Leave,7
EMP446,Marketing,Sick Leave,8
EMP446,Marketing,Sick Leave,2
EMP446,Marketing,Earned Leave,10
EMP447,Engineering,Earned Leave,5
EMP447,Engineering,Earned Leave,10
EMP447,Engineering,Maternity Leave,1
EMP447,Engineering,Casual Leave,1
EMP447,Engineering,Maternity Leave,7
EMP448,Engineering,Earned Leave,4
EMP448,Engineering,Earned Leave,7
EMP448,Engineering,Sick Leave,1
EMP448,Engineering,Casual Leave,3
EMP448,Engineering,Sick Leave,2
EMP449,Marketing,Casual Leave,7
EMP449,Marketing,Sick Leave,9
EMP449,Marketing,Sick Leave,5
EMP449,Marketing,Casual Leave,4
EMP449,Marketing,Maternity Leave,4
EMP450,Operations,Earned Leave,8
EMP450,Operations,Earned Leave,1
EMP450,Operations,Earned Leave,7
EMP450,Operations,Maternity Leave,3
EMP451,Sales,Sick Leave,8
EMP451,Sales,Earned Leave,10
EMP451,Sales,Casual Leave,1
EMP451,Sales,Maternity Leave,3
EMP452,Engineering,Maternity Leave,2
EMP453,Marketing,Maternity Leave,3
EMP453,Marketing,Maternity Leave,10
EMP453,Marketing,Sick Leave,7
EMP453,Marketing,Sick Leave,4
EMP453,Marketing,Casual Leave,2
EMP454,Sales,Casual Leave,5
EMP454,Sales,Earned Leave,6
EMP455,Sales,Earned Leave,1
EMP456,Engineering,Sick Leave,8
EMP457,Operations,Sick Leave,7
EMP457,Operations,Casual Leave,3
EMP457,Operations,Casual Leave,5
EMP457,Operations,Casual Leave,4
EMP458,Sales,Earned Leave,1
EMP458,Sales,Casual Leave,4
EMP458,Sales,Sick Leave,1
EMP458,Sales,Earned Leave,2
EMP458,Sales,Earned Leave,10
EMP459,Finance,Earned Leave,6
EMP459,Finance,Maternity Leave,7
EMP459,Finance,Casual Leave,5
EMP460,Sales,Casual Leave,2
EMP460,Sales,Maternity Leave,9
EMP460,Sales,Maternity Leave,6
EMP461,Operations,Earned Leave,3
EMP461,Operations,Sick Leave,3
EMP462,HR,Casual Leave,3
EMP462,HR,Casual Leave,7
EMP463,Sales,Sick Leave,7
EMP464,HR,Casual Leave,7
EMP464,HR,Earned Leave,7
EMP464,HR,Maternity Leave,4
EMP464,HR,Casual Leave,10
EMP465,Operations,Casual Leave,9
EMP466,Marketing,Sick Leave,8
EMP466,Marketing,Earned Leave,4
EMP466,Marketing,Earned Leave,9
EMP467,Engineering,Earned Leave,9
EMP468,Engineering,Sick Leave,8
EMP468,Engineering,Earned Leave,9
EMP468,Engineering,Casual Leave,1
EMP468,Engineering,Maternity Leave,9
EMP468,Engineering,Casual Leave,1
EMP469,Engineering,Sick Leave,2
EMP469,Engineering,Maternity Leave,2
EMP469,Engineering,Sick Leave,5
EMP469,Engineering,Sick Leave,5
EMP470,Sales,Maternity Leave,6
EMP470,Sales,Earned Leave,7
EMP470,Sales,Maternity Leave,3
EMP470,Sales,Maternity Leave,9
EMP471,Operations,Casual Leave,1
EMP471,Operations,Sick Leave,9
EMP471,Operations,Maternity Leave,9
EMP471,Operations,Sick Leave,3
EMP471,Operations,Casual Leave,10
EMP472,HR,Maternity Leave,4
EMP472,HR,Sick Leave,8
EMP472,HR,Maternity Leave,7
EMP472,HR,Maternity Leave,5
EMP473,Sales,Maternity Leave,6
EMP474,Finance,Earned Leave,4
EMP475,Marketing,Casual Leave,2
EMP475,Marketing,Casual Leave,1
EMP475,Marketing,Maternity Leave,4
EMP475,Marketing,Maternity Leave,4
EMP476,Marketing,Earned Leave,8
EMP476,Marketing,Sick Leave,5
EMP476,Marketing,Earned Leave,4
EMP476,Marketing,Earned Leave,5
EMP476,Marketing,Maternity Leave,9
EMP477,Finance,Sick Leave,6
EMP477,Finance,Maternity Leave,9
EMP477,Finance,Sick Leave,6
EMP477,Finance,Casual Leave,3
EMP478,HR,Sick Leave,7
EMP478,HR,Maternity Leave,2
EMP478,HR,Sick Leave,8
EMP479,Sales,Sick Leave,6
EMP480,Sales,Maternity Leave,9
EMP480,Sales,Earned Leave,3
EMP481,Engineering,Sick Leave,1
EMP481,Engineering,Sick Leave,7
EMP481,Engineering,Earned Leave,3
EMP481,Engineering,Maternity Leave,8
EMP481,Engineering,Earned Leave,6
EMP482,Sales,Maternity Leave,2
EMP482,Sales,Earned Leave,5
EMP482,Sales,Earned Leave,8
EMP483,Operations,Casual Leave,6
EMP483,Operations,Casual Leave,8
EMP483,Operations,Maternity Leave,9
EMP483,Operations,Maternity Leave,2
EMP483,Operations,Earned Leave,4
EMP484,Engineering,Earned Leave,3
EMP484,Engineering,Casual Leave,8
EMP485,Engineering,Casual Leave,3
EMP485,Engineering,Casual Leave,1
EMP485,Engineering,Maternity Leave,5
EMP486,HR,Maternity Leave,5
EMP487,Engineering,Earned Leave,5
EMP487,Engineering,Maternity Leave,4
EMP487,Engineering,Sick Leave,5
EMP488,HR,Casual Leave,3
EMP488,HR,Sick Leave,7
EMP488,HR,Sick Leave,1
EMP488,HR,Earned Leave,4
EMP488,HR,Sick Leave,9
EMP489,Marketing,Casual Leave,8
EMP489,Marketing,Casual Leave,6
EMP490,HR,Sick Leave,9
EMP490,HR,Casual Leave,8
EMP490,HR,Sick Leave,2
EMP491,HR,Casual Leave,1
EMP491,HR,Earned Leave,1
EMP491,HR,Earned Leave,1
EMP491,HR,Casual Leave,7
EMP491,HR,Earned Leave,4
EMP492,Marketing,Casual Leave,1
EMP492,Marketing,Casual Leave,6
EMP492,Marketing,Earned Leave,3
EMP492,Marketing,Sick Leave,7
EMP493,Engineering,Casual Leave,4
EMP493,Engineering,Maternity Leave,7
EMP493,Engineering,Sick Leave,9
EMP493,Engineering,Sick Leave,2
EMP494,Marketing,Maternity Leave,4
EMP494,Marketing,Maternity Leave,9
EMP494,Marketing,Casual Leave,1
EMP495,Marketing,Earned Leave,1
EMP495,Marketing,Earned Leave,6
EMP495,Marketing,Sick Leave,5
EMP496,Marketing,Casual Leave,2
EMP496,Marketing,Maternity Leave,1
EMP496,Marketing,Sick Leave,10
EMP496,Marketing,Maternity Leave,8
EMP496,Marketing,Casual Leave,3
EMP497,Marketing,Maternity Leave,3
EMP498,Finance,Maternity Leave,7
EMP499,Operations,Earned Leave,7
EMP499,Operations,Casual Leave,8
EMP499,Operations,Casual Leave,1
EMP500,Finance,Maternity Leave,8
EMP500,Finance,Maternity Leave,1
